noise,shadow_training,purity,number_ratio_mae,alpha,beta,bias,arithmetic_zero_shot,block_unwind_discovered,full_zero_shot_success
0.03,False,1.0,0.04513441241322793,0.9525200506666828,1.0653919226866342,-0.02455328402315853,True,False,False
0.03,False,0.8088235294117647,0.0851780333146907,0.9007817159220068,0.8055016865972272,0.6684560014672719,True,False,False
0.03,False,0.8088235294117647,0.0850003489227033,1.085964349521366,0.9906231757490191,-0.23053529159656005,True,False,False
0.03,False,1.0,0.0673812095966166,1.0743357412237526,0.9961524690221744,-0.11994918796418566,True,False,False
0.03,False,1.0,0.06501435298410048,0.9160295943911089,1.0735273251311779,-0.013419106902287401,True,False,False
0.03,False,1.0,0.08603682881548391,1.0819255998697062,0.9101508598105759,0.017393242733505117,True,False,False
0.03,False,1.0,0.05997835511874885,0.9629516001125575,0.9913630954727986,0.08901354430444365,True,False,False
0.03,False,1.0,0.07232403507723612,0.9274522577460631,1.0444378168399147,0.17458918392375689,True,False,False
0.03,False,0.8088235294117647,0.0709308941506701,1.071290208313565,1.0274666673621455,-0.2024731419417787,True,False,False
0.03,False,1.0,0.05998066523575442,1.0658241383046754,0.8527919796703636,0.1737991109400347,True,False,False
0.03,False,0.8088235294117647,0.13633369987460608,0.8557426076559497,0.779546657390878,0.8911427061544203,True,False,False
0.03,False,0.8088235294117647,0.07854070813008547,0.9105010308985081,0.815650739271945,0.7233661005545321,True,False,False
0.03,False,0.8088235294117647,0.11303041950809352,1.168420563836348,1.0806425895749219,-0.6252004532858243,True,False,False
0.03,False,1.0,0.06287499063576618,0.988642954879968,1.0303915600293378,-0.052144238810730846,True,False,False
0.03,False,1.0,0.08849991506320898,0.95212267576031,1.043961122550725,0.05487146795980188,True,False,False
0.03,False,1.0,0.05825590155140973,0.9866345136206096,0.998724300056176,0.09878106999160209,True,False,False
0.03,False,1.0,0.06640959353981012,0.9540305439360741,0.8977376672495455,0.26617992631142395,True,False,False
0.03,False,1.0,0.05708691750595268,1.045227901226895,0.9530534457212408,0.0669070272149974,True,False,False
0.03,False,0.8088235294117647,0.08340715831089333,1.0368087093945044,0.8505420110790974,0.30715289915438587,True,False,False
0.03,False,0.8088235294117647,0.07334209034658105,0.8065954136531802,0.7892532251779636,1.0604514314778861,True,False,False
0.03,False,1.0,0.07898129911620984,1.0176734229375186,0.9525615379516478,0.05510093631795609,True,False,False
0.03,False,1.0,0.06621421939653942,1.0797947700504291,0.8990187076326311,0.02153540634620385,True,False,False
0.03,False,1.0,0.08378532785478696,0.9895174040567425,0.8201674051703144,0.3772690052599899,True,False,False
0.03,False,1.0,0.06078748116463324,0.9191509503690395,1.0768924344195299,0.12559730778843808,True,False,False
0.03,False,0.8088235294117647,0.08191334413961467,0.8524631012983029,1.0988649007084534,0.025714200503462223,True,False,False
0.03,False,0.8088235294117647,0.09185917413880525,1.075901773313504,0.955592814778352,-0.06066113107843865,True,False,False
0.03,False,0.8088235294117647,0.09586424246126388,1.0114709557604638,0.9869939955341291,-0.022409927272683546,True,False,False
0.03,False,1.0,0.07578442591607254,1.057051138965089,0.9218727287059292,0.07225043083056316,True,False,False
0.03,False,1.0,0.06303904583416821,1.0543316871403268,0.9579143315372552,-0.0298057621350103,True,False,False
0.03,False,1.0,0.07422389628781087,0.969788649895365,0.9982075422188429,0.08567694322037937,True,False,False
0.03,False,1.0,0.05940186841093118,1.0132682474222168,0.9997135977096561,-0.07289344715244246,True,False,False
0.03,False,0.8088235294117647,0.08774786098257589,0.8636105319948247,0.8272476452123281,0.8498276577586497,True,False,False
0.03,False,1.0,0.05538818188734815,0.9833555620723081,0.989665344678304,0.0932698582465634,True,False,False
0.03,False,1.0,0.06948439785291234,1.06261697900915,1.1256387607571139,-0.3468185284418782,True,False,False
0.03,False,1.0,0.07049734621503964,0.9592684534171246,0.9653521049432564,0.17725314962972438,True,False,False
0.03,False,1.0,0.07004143923583012,0.9396081895596119,1.008548008919922,0.07578677863229688,True,False,False
0.03,False,1.0,0.05873184849488552,1.0153287350079137,0.9715209046971495,0.015782423417290622,True,False,False
0.03,False,1.0,0.06887936286087024,0.987457517233329,1.0329183979703678,-0.05577412644789289,True,False,False
0.03,False,1.0,0.07179515125092559,1.055236129528694,0.9990891751413844,-0.1627407061722926,True,False,False
0.03,False,1.0,0.06138432142171431,0.9385448495165449,0.9808073751718515,0.16382629512723512,True,False,False
0.03,False,1.0,0.05621385020259387,0.9531952355358985,0.985700405221289,0.08791363364734762,True,False,False
0.03,False,0.6617647058823529,0.08248524450695353,,,,False,False,False
0.03,False,1.0,0.05695092224512574,0.9592793278108932,0.9923101696922406,0.13913683403415616,True,False,False
0.03,False,1.0,0.07348552664185581,1.0059624058113448,0.9829496855034829,-0.04847037325682548,True,False,False
0.03,False,1.0,0.05880465818506576,1.0335966901296014,0.9101050025223368,0.027599957312290563,True,False,False
0.03,False,1.0,0.06406595692274249,0.9343716297502136,1.0986772285840924,-0.07961863661091606,True,False,False
0.03,False,1.0,0.06024734871973101,1.0096014852555695,1.0604276128329253,-0.18895288556343423,True,False,False
0.03,False,1.0,0.06844394704805838,1.0628884246114443,0.935426227689851,0.028655393739820904,True,False,False
0.03,False,1.0,0.0829355012794517,1.0299737904463622,0.9178854743023797,0.09308526101342242,True,False,False
0.03,False,0.8088235294117647,0.10295930406881197,0.8363027164336416,0.9505413076275795,0.5721467944371091,True,False,False
0.03,False,1.0,0.07871452608362418,1.0165405802426575,0.9601538094484966,0.025128365535278602,True,False,False
0.03,False,1.0,0.0681949482110765,1.0556001410669338,1.0468193101341101,-0.20756908453786,True,False,False
0.03,False,0.8088235294117647,0.07858238985318758,0.8381580419149706,0.9110656843891218,0.5768223802058413,True,False,False
0.03,False,1.0,0.07070008536842728,0.9591361819362199,0.9969658284400333,0.08132538483793528,True,False,False
0.03,False,1.0,0.05765644966118633,1.0542391710630685,0.8775773486287158,0.1536087137241197,True,False,False
0.03,False,0.8088235294117647,0.07157097373198726,0.9932604027869242,1.0647423035217565,-0.20063907183238933,True,False,False
0.03,False,1.0,0.09628763176195713,0.9878800163875033,1.0270034912642663,-0.05113259511161959,True,False,False
0.03,False,1.0,0.06981500676368063,1.0055707605317463,1.066956882806454,-0.041326068957094536,True,False,False
0.03,False,1.0,0.06305087556194873,0.992441828628662,1.1027741233888233,-0.09996391819457089,True,False,False
0.03,False,1.0,0.05866989271207223,1.0858394263890547,0.9878085008175176,-0.15527256619473476,True,False,False
0.03,False,1.0,0.046488915908495486,1.0195966366445,0.9794308917513992,0.03528712096144801,True,False,False
0.03,False,0.7058823529411765,0.04895986722593489,,,,False,False,False
0.03,False,0.8088235294117647,0.07457979471595555,1.0735615886409604,0.8442234060306902,0.20579147486931798,True,False,False
0.03,False,1.0,0.07744359570205794,1.0846043005027732,0.8941833860361631,-0.06394705339533546,True,False,False
0.03,False,1.0,0.0840697485922669,1.087268326935869,0.9464611407205156,-0.03365210504712735,True,False,False
0.03,False,1.0,0.0528104889691836,1.0182534780234787,0.879095568636617,0.18049764384228176,True,False,False
0.03,False,0.7058823529411765,0.05129773792220232,,,,False,False,False
0.03,False,1.0,0.07628516193176504,0.9899571736609963,0.9016923264409886,0.20536498886178817,True,False,False
0.03,False,1.0,0.07589263380104916,1.0474726420748233,0.988544996770963,-0.11138720613775838,True,False,False
0.03,False,0.8088235294117647,0.08605173281903479,0.7710727854097237,0.9155847064276903,0.7682585616576537,True,False,False
0.03,False,0.8088235294117647,0.14016217712776793,1.024241675710323,1.0630136221545894,-0.09096953305081872,True,False,False
0.03,False,1.0,0.08204202116415743,0.9883556648976562,1.0247493503576193,-0.1166171805080928,True,False,False
0.03,False,1.0,0.07776993128233765,0.9298874870908426,1.0822296439881107,-0.024912776105702184,True,False,False
0.03,False,1.0,0.07415703212277824,1.0382750883344158,0.9921139185762505,0.0005421213745264134,True,False,False
0.03,False,1.0,0.05121098475125594,0.9640439883013401,1.0056781238273205,0.06472002116827029,True,False,False
0.03,False,0.8529411764705882,0.08040043078633255,,,,False,False,False
0.03,False,1.0,0.07432627165470984,0.9160962365190213,1.0233294257171235,0.11043000969649257,True,False,False
0.03,False,1.0,0.050319457321579567,0.9974265688570463,1.0217623473887523,-0.021899559215024067,True,False,False
0.03,False,1.0,0.06087590290872028,0.9653780354353462,1.070263311605704,-0.027730518858123044,True,False,False
0.03,False,0.8823529411764706,0.06246330400606353,0.7880339101132842,1.0311189916298122,0.5515390416004076,True,False,False
0.03,False,1.0,0.06529864433748937,1.0296195723950081,0.946986171122715,0.05871614450512787,True,False,False
0.03,False,1.0,0.07565047421114562,0.9564938984061859,1.032023626040594,0.013915473724192133,True,False,False
0.03,False,0.8088235294117647,0.08557441908163779,1.1161096362441887,0.9264809462251615,-0.15327029196209152,True,False,False
0.03,False,1.0,0.08034897456883314,0.9691284357664157,1.0521536625012393,-0.11302894409676247,True,False,False
0.03,False,1.0,0.07017752440002738,1.0297650907024638,0.9670479870619147,0.05920053396089016,True,False,False
0.03,False,1.0,0.044133482054735204,1.0314513560271799,1.0203020250948414,-0.09015706268598603,True,False,False
0.03,False,0.8088235294117647,0.09349633381906738,0.8391176359470356,1.0096906807459685,0.3206898501547431,True,False,False
0.03,False,0.8088235294117647,0.12845351801516952,1.1134427932951887,0.7624026801984114,0.3991512026001132,True,False,False
0.03,False,1.0,0.06339513983799988,1.0517618633556671,0.9542018038396645,0.09167130817756634,True,False,False
0.03,False,0.8088235294117647,0.10210953255422281,0.7606773031401094,0.8931830116678507,0.8735098478563031,True,False,False
0.03,False,0.8088235294117647,0.09319660398380751,0.8202611114663421,0.8079429884515807,0.7783451809337207,True,False,False
0.03,False,0.8529411764705882,0.07045253972494507,,,,False,False,False
0.03,False,1.0,0.08254216124723146,0.9822814735517184,1.0450386121006825,-0.006258686372125687,True,False,False
0.03,False,0.8088235294117647,0.08155831155486981,0.9976745134434807,0.9901990405559269,0.12273406385167293,True,False,False
0.03,False,1.0,0.05941132083386628,1.0017955710007023,0.9895226892840916,0.04638111613480553,True,False,False
0.03,False,1.0,0.07110425477519905,1.0030562895148774,1.0161340967028953,-0.04555684608824097,True,False,False
0.03,False,0.8529411764705882,0.0540544066851091,,,,False,False,False
0.03,False,1.0,0.059578578632827256,1.019119095522962,0.914836613720341,0.10390860786160484,True,False,False
0.03,False,1.0,0.1265697782372925,0.9562504031853368,1.0412528045899636,0.010842137763410796,True,False,False
0.03,False,1.0,0.07219877489023373,0.9281872832916893,1.0377856458241175,0.12151643421910006,True,False,False
0.03,False,0.8088235294117647,0.07294750534522583,1.1408506544895507,1.0164441333204692,-0.4298760091375518,True,False,False
0.03,False,1.0,0.060597396187909214,0.9394735411934964,1.0048569220479262,0.10905927378290313,True,False,False
0.03,False,1.0,0.06858735316109515,0.9454126965307377,0.9931464596825671,0.2112920520626225,True,False,False
0.03,False,1.0,0.07240466096785884,1.003766925507116,0.9974063313643371,0.026163801900461844,True,False,False
0.03,False,1.0,0.07224483504358452,0.9857901984745775,1.0175676795517359,0.04971139437692008,True,False,False
0.03,False,0.8823529411764706,0.05952948397516958,1.214796205283104,1.0345116594883872,-0.6085002203915668,True,False,False
0.03,False,1.0,0.07208265471363304,1.0081099010828578,0.889081342018603,0.28391547848137855,True,False,False
0.03,False,0.8088235294117647,0.09211486097030332,0.9746092868477487,0.7167064693276068,0.8076828525961992,True,False,False
0.03,False,0.8088235294117647,0.08844906075071368,0.9653458430217613,0.9449468269220461,0.08106918463730926,True,False,False
0.03,False,1.0,0.05357686999701159,0.9955473509208476,0.936645661584803,0.1415062269125976,True,False,False
0.03,False,1.0,0.06365469055469829,0.9369097398653732,0.978457409929095,0.12381154653947313,True,False,False
0.03,False,1.0,0.06313747388194205,0.9750256227188709,0.9230381442891998,0.18652152836696023,True,False,False
0.03,False,0.8823529411764706,0.0612935216179139,0.6346870156906161,0.9276787461087435,1.2959664566376345,True,False,False
0.03,False,0.8088235294117647,0.11789952329775306,1.2251130862237563,1.1482815154691868,-1.0498865721403652,True,False,False
0.03,False,1.0,0.06549635591462499,0.9932456571219144,1.0374727978337979,-0.041346191263520855,True,False,False
0.03,False,1.0,0.05780669298489214,1.0295948429195012,0.9414383770415331,0.06436114700827586,True,False,False
0.03,False,1.0,0.074748377125691,1.0557565882751905,0.9537488226674414,-0.025430466659997996,True,False,False
0.03,False,0.8088235294117647,0.08468369640725898,0.7855708278449787,1.0544536727903362,0.35352958973090776,True,False,False
0.03,False,0.8088235294117647,0.0909657038923282,0.929915074710325,0.9691813295575356,0.32076225107127165,True,False,False
0.03,False,0.8088235294117647,0.0866875479023129,0.9670992362129408,0.8871706216207067,0.47749279555078183,True,False,False
0.03,False,1.0,0.06601462018646863,1.0259032817025981,1.0609800681952115,-0.20339002025359815,True,False,False
0.03,False,0.7058823529411765,0.05761481865222568,,,,False,False,False
0.03,False,0.7058823529411765,0.06087230350523865,,,,False,False,False
0.03,False,1.0,0.058062860324566805,1.0381395501884152,1.0158992082716307,-0.17712468417787314,True,False,False
0.03,False,1.0,0.05950581474224851,0.9890978913894105,0.967635274474833,0.15068863174945013,True,False,False
0.03,False,0.8088235294117647,0.10781049068821554,0.8477909824630073,0.9083472362647476,0.539918633874168,True,False,False
0.03,False,1.0,0.05901061246245804,1.01286016066881,0.9668188357630129,0.0985667090908579,True,False,False
0.03,False,1.0,0.06862036977157404,0.9938757048736483,0.9833474245286886,0.04962119059146504,True,False,False
0.03,False,1.0,0.051384658338346205,1.0116889794700552,0.9675090583935811,0.11734430327813535,True,False,False
0.03,False,1.0,0.05215745795544167,1.004325854033415,1.0307432543244828,-0.08049249539110674,True,False,False
0.03,False,0.8088235294117647,0.12587762503089858,1.0962633270627369,0.9039260982442997,0.026933929610318975,True,False,False
0.03,False,1.0,0.0846443652672143,0.9745398002720138,0.9291104195660823,0.28196130347047,True,False,False
0.03,False,0.8823529411764706,0.06585693335778732,0.9088981360141342,0.8314613868885333,0.4380824406428742,True,False,False
0.03,False,1.0,0.08976185555901606,0.963265073328048,0.9319247705355221,0.2286930554286115,True,False,False
0.03,False,0.8823529411764706,0.06677381608226936,1.2767905424012564,1.0438009812194715,-0.9981183306535538,True,False,False
0.03,False,1.0,0.050168519000069606,1.0182471064526686,1.0041669421265518,-0.0037860767980550008,True,False,False
0.03,False,1.0,0.059206847583673394,1.0795457228857905,1.057522198717109,-0.26066707405665296,True,False,False
0.03,False,0.8088235294117647,0.08318764928034592,0.8499880232460211,0.856920411634815,0.7743484218436928,True,False,False
0.03,False,1.0,0.07317161857605907,0.957037152391498,0.9512053336088274,0.09103683492584966,True,False,False
0.03,False,1.0,0.06664874975934972,0.9336083933708719,0.985601258900539,0.13475737507691932,True,False,False
0.03,False,1.0,0.07800702598560544,1.146752972715453,1.009124904558369,-0.22291646799111728,True,False,False
0.03,False,1.0,0.07500198743387652,1.074216495842068,0.9590333095408627,-0.048122320273012054,True,False,False
0.03,False,1.0,0.06313179406959668,1.0069698941496523,0.999291257395466,0.021197828970438932,True,False,False
0.03,False,1.0,0.06287183583345889,0.940669973628953,1.1025637931597647,-0.04548707212305287,True,False,False
0.03,False,1.0,0.06158328093022678,1.0148124732041077,0.9244968638928738,0.19235392524648776,True,False,False
0.03,False,1.0,0.06995834786701662,0.970919653543502,0.823097082767857,0.36426634390124457,True,False,False
0.03,False,1.0,0.06198659569260561,0.9758361708041589,1.0240406676764602,0.012980993493837589,True,False,False
0.03,False,1.0,0.07791525747626075,0.9673192241670828,1.0072735509264041,0.11692264546609081,True,False,False
0.03,False,0.8088235294117647,0.08858850115690796,1.1765198991694994,1.1778304744194923,-1.0044641563582115,True,False,False
0.03,False,1.0,0.062359329787341954,1.0711323927650385,0.8318135794312398,0.21057921385210965,True,False,False
0.03,True,0.8311688311688312,0.06856757502565262,,,,False,False,False
0.03,True,0.7922077922077922,0.08400971472951192,0.9333916715366636,1.020799601910573,0.2243926220164756,True,False,False
0.03,True,0.7922077922077922,0.09984467651461816,0.969729515866027,1.1855541912878844,-0.31250960225307933,True,False,False
0.03,True,0.922077922077922,0.08031526046153364,1.6471883831261707,0.9949778921550558,-0.8860154159712529,False,False,False
0.03,True,0.7922077922077922,0.1011882127753112,1.2534295080301057,1.0671380060996807,-0.7079896829766105,False,False,False
0.03,True,0.7012987012987013,0.06871800015121055,,,,False,False,False
0.03,True,0.922077922077922,0.08582872237790977,0.9390322502999504,0.9904322981365692,0.19455966389803614,True,False,False
0.03,True,0.7922077922077922,0.10108422674080488,0.8002566733674882,0.9085250264640019,0.769876234777369,True,False,False
0.03,True,0.7532467532467533,0.10814034233874392,0.7325030468805812,1.2877522359878675,-0.08453861779931374,True,False,False
0.03,True,0.7922077922077922,0.12866956506191526,0.8033103616237395,0.9706210790729444,0.628457354966619,True,False,False
0.03,True,0.7922077922077922,0.11868722125886728,1.0153116852065707,0.8981531452521987,0.373668246848395,True,False,False
0.03,True,0.7922077922077922,0.07838305367170491,1.0347993102686701,0.9808857241103743,0.07399925724010689,True,False,False
0.03,True,0.7012987012987013,0.0519986122907157,,,,False,False,False
0.03,True,0.7922077922077922,0.09863281830526985,0.972463490829634,1.051434021178403,-0.053753059599026334,True,False,False
0.03,True,0.7922077922077922,0.06818772526009602,0.7209875732708172,1.0435445247434822,0.5157593691187388,True,False,False
0.03,True,0.7532467532467533,0.07040141740203518,1.1126615143837877,1.0087074952440858,-0.3314491989793523,True,False,False
0.03,True,0.7792207792207793,0.06854131397166813,0.8081618901782706,1.3954027851092743,-0.4089096215810215,True,False,False
0.03,True,0.7922077922077922,0.11350477202520341,1.3885592797930908,0.7925391682885553,-0.40200149597989887,False,False,False
0.03,True,0.7532467532467533,0.11750631856380699,0.9910672415884696,1.013017298836445,-0.016376929941407502,True,False,False
0.03,True,0.7922077922077922,0.11706574077565357,1.4344263632050123,0.9579750008564403,-0.8789810375024194,False,False,False
0.03,True,0.7532467532467533,0.09581587906552005,1.1910868709545708,0.8209327023330955,0.10990211511538064,True,False,False
0.03,True,0.7922077922077922,0.11546163467455564,0.7909017889276049,0.965902052731018,0.520026937316559,True,False,False
0.03,True,0.7922077922077922,0.14126097756827394,0.8104197731301024,1.2766544663693349,-0.16844444396576977,True,False,False
0.03,True,0.7922077922077922,0.10298307370519237,1.4316031793604194,1.2020070915607848,-1.4789690845284007,False,False,False
0.03,True,0.7532467532467533,0.07890875417414385,0.975785208858456,0.8220881144200266,0.4605916455887057,True,False,False
0.03,True,0.7532467532467533,0.08658785647860341,1.450272466989151,0.9019835573289917,-0.949481694664197,False,False,False
0.03,True,0.6233766233766234,0.09409993434014015,,,,False,False,False
0.03,True,0.7922077922077922,0.08323144792104917,0.7438910003468995,0.9848709081090892,0.686413740701867,True,False,False
0.03,True,0.7922077922077922,0.15130830838514514,1.26134678036761,1.1339716960741626,-1.0487989444433332,True,False,False
0.03,True,0.7922077922077922,0.08244291012175713,1.1895028419109586,1.1042412088184639,-0.7082225263184934,True,False,False
0.03,True,0.922077922077922,0.06277044917296119,1.0398815498893883,0.992752477222549,-0.05395414798955679,True,False,False
0.03,True,0.7922077922077922,0.07497432877651114,0.8683609353196095,0.9757602480601926,0.5240855575817028,True,False,False
0.03,True,0.7922077922077922,0.09279810677455007,0.8999200614130654,0.8955937047374323,0.5515361782062267,True,False,False
0.03,True,0.7532467532467533,0.09199212706549338,1.0509095618162256,0.864963995964894,0.02709945364662119,True,False,False
0.03,True,0.7792207792207793,0.08613996027363038,1.0294779061481298,1.1724923948294503,-0.5492931230438796,True,False,False
0.03,True,0.7922077922077922,0.09078476802020884,0.7028711800593693,1.0303373980314987,0.7042071371788701,True,False,False
0.03,True,0.7922077922077922,0.11230476480972339,0.7290542960016053,1.0422470110712636,0.4030508148335673,False,False,False
0.03,True,0.7532467532467533,0.12071732277517377,1.6240800908012283,0.8991392404443003,-0.35884837383684304,False,False,False
0.03,True,0.8311688311688312,0.0857485079481262,,,,False,False,False
0.03,True,0.7922077922077922,0.08634564078509961,1.1377496388363235,0.9595199245691083,-0.31716261626838804,True,False,False
0.03,True,0.7662337662337663,0.11225014752984058,0.785708962588822,0.9127441514410097,0.7737507236257471,True,False,False
0.03,True,0.7922077922077922,0.07879045198252434,0.9415551314171161,1.0195744920543528,0.11536345750074502,True,False,False
0.03,True,0.7922077922077922,0.09811774942522708,1.3615390244547465,1.140425808769691,-1.5026543335458713,True,False,False
0.03,True,0.7922077922077922,0.10504156989963022,0.9847123577179645,1.0105929289092959,0.05623598979544715,True,False,False
0.03,True,0.7012987012987013,0.06689055993415337,,,,False,False,False
0.03,True,0.922077922077922,0.09365876973890035,1.0427116926178266,1.1046960450705106,-0.17516665107223178,True,False,False
0.03,True,0.6623376623376623,0.059098471513295524,,,,False,False,False
0.03,True,0.7012987012987013,0.07801264816397999,,,,False,True,False
0.03,True,0.7922077922077922,0.08669374227585815,1.488991897364823,1.0416362795134488,-1.3286342393735224,False,False,False
0.03,True,0.7922077922077922,0.10497239993920274,1.0185237483439287,0.9885608955443766,0.1404815818672475,True,False,False
0.03,True,0.7532467532467533,0.09211653078403832,0.7982379923275933,0.9376587822489779,0.7558038085426546,True,False,False
0.03,True,0.7922077922077922,0.12804410342940792,0.8024861056885622,0.8657452647312989,0.8172244474010324,True,False,False
0.03,True,0.7922077922077922,0.12374869940763164,1.1439665852041159,1.1304678009330806,-1.0556766530320956,True,False,False
0.03,True,0.7922077922077922,0.1156348574628095,0.954290391517771,1.026858182012491,0.18697072174214244,True,False,False
0.03,True,0.7532467532467533,0.10999497223249731,1.0101650216964941,0.8862254587051118,0.3198316943177986,True,False,False
0.03,True,0.922077922077922,0.07343311143569552,1.053341816052097,0.9587739820732977,-0.07529594110348502,True,False,False
0.03,True,0.7922077922077922,0.08769293182949614,0.8477926888302363,0.9609176615195933,0.5342711991879006,True,False,False
0.03,True,0.8311688311688312,0.084890563084964,,,,False,False,False
0.03,True,0.922077922077922,0.06819595789958124,1.0294972956080364,0.990549281848149,-0.07376491076810159,True,False,False
0.03,True,0.7922077922077922,0.08399549224756422,0.9570641263826429,0.9519976448044223,0.1190511103058935,True,False,False
0.03,True,0.922077922077922,0.1176652310904559,1.0923632206619989,0.9101340871700349,-0.05939893791720896,True,False,False
0.03,True,0.7532467532467533,0.09892437664850728,0.9791674298858163,1.041658265229199,-0.03601700065506557,True,False,False
0.03,True,0.7922077922077922,0.09400429370523021,0.9649000166476793,1.207525514932873,-0.4509067571267382,True,False,False
0.03,True,0.7922077922077922,0.11907719341686641,0.9529503820730602,0.8196002155803961,0.6045102394011315,True,False,False
0.03,True,0.7922077922077922,0.13647470865183034,0.8192954378862083,0.9022287386643686,0.5664936024090972,True,False,False
0.03,True,0.7532467532467533,0.09206549813160239,1.0429928686255163,1.1998063745189032,-0.5070435095593958,True,False,False
0.03,True,0.7922077922077922,0.0871395197166734,1.2978900557240625,0.827970143988564,-0.26024772871747787,True,False,False
0.03,True,0.922077922077922,0.10505372072884496,1.3559664986666067,1.131621682008359,-0.6124812092868841,False,False,False
0.03,True,0.7922077922077922,0.12800305538552445,0.786109501276288,0.9186079741829085,0.8170311877340347,True,False,False
0.03,True,0.922077922077922,0.07236434597915933,1.0187135311942273,0.9713843824596005,0.08427722282133514,True,False,False
0.03,True,0.7012987012987013,0.08186392875392934,,,,False,False,False
0.03,True,0.7922077922077922,0.07990664814547109,1.0981637518474388,1.0364453540678642,-0.4916705781832028,True,False,False
0.03,True,0.7012987012987013,0.05793927011471857,,,,False,False,False
0.03,True,0.922077922077922,0.08204954926919109,0.950020689971449,0.9072830873211979,0.18316504987663498,True,False,False
0.03,True,0.922077922077922,0.0833374908347055,1.147222271156721,0.8676423420451326,0.037818377545566606,True,False,False
0.03,True,0.7532467532467533,0.1323732138549912,0.7385559222643217,0.6633648176175881,1.5500469774976045,False,False,False
0.03,True,0.922077922077922,0.09942211164019171,1.1086542663300007,0.8458878834975349,0.16089021272266998,True,False,False
0.03,True,0.7922077922077922,0.10160834766420636,1.214467733961908,1.2212704918552684,-1.0610992260434202,True,False,False
0.03,True,0.7012987012987013,0.05609135915747787,,,,False,False,False
0.03,True,0.8311688311688312,0.08105796277369594,,,,False,False,False
0.03,True,0.7922077922077922,0.09608774754222117,0.6883231677574391,0.8821720210688049,1.0239220328281493,False,False,False
0.03,True,0.7922077922077922,0.11219620888809034,0.8539367271665741,0.9061513130151424,0.6877512272569131,True,False,False
0.03,True,0.7922077922077922,0.11282280234299732,0.9658516737298065,1.1976508109335102,-0.6123075666526685,True,False,False
0.03,True,0.922077922077922,0.09285532787837937,1.1024192253443275,0.9525055754239679,-0.041556946427062626,True,False,False
0.03,True,0.6623376623376623,0.09195077425815354,,,,False,False,False
0.03,True,0.7012987012987013,0.04724359676041186,,,,False,False,False
0.03,True,0.7922077922077922,0.09878429320238576,1.158672559905073,1.19828810333424,-0.9292555441087006,True,False,False
0.03,True,0.7922077922077922,0.13857215632008577,0.9840771396313469,1.04276715259665,-0.0713269184507128,True,False,False
0.03,True,0.7922077922077922,0.0989171911484705,1.01183922649851,0.8990154251023093,0.1709224718080256,True,False,False
0.03,True,0.8181818181818182,0.05716180924212813,,,,False,False,False
0.03,True,0.7922077922077922,0.09061336728346084,0.8857009851196302,0.8441222252522287,0.6516673095123172,True,False,False
0.03,True,0.7922077922077922,0.11837356221504323,1.0440685385473807,1.1557470153623233,-0.3052764810769091,True,False,False
0.03,True,0.7402597402597403,0.05915004737049788,,,,False,True,False
0.03,True,0.7922077922077922,0.1251967397596605,1.0925435031973996,1.075033920146417,-0.33402093445995773,True,False,False
0.03,True,0.6623376623376623,0.06005941642920035,,,,False,False,False
0.03,True,0.7922077922077922,0.09602212739265399,0.7239918111663343,0.7165036469620094,1.2907632736287027,False,False,False
0.03,True,0.922077922077922,0.056404430181643664,0.9546817861382649,0.8706797503262855,0.23350105390200362,True,False,False
0.03,True,0.7922077922077922,0.09978032878782687,0.6567026437070032,0.8108747038716067,1.092020671848811,False,False,False
0.03,True,0.922077922077922,0.06042032680589725,0.9522160695653403,1.073984032557668,-0.0020692742280184495,True,False,False
0.03,True,0.7012987012987013,0.05567399661576493,,,,False,False,False
0.03,True,0.922077922077922,0.07270164051140128,1.0093792236584374,0.9572302724702995,0.09794529711135923,True,False,False
0.03,True,0.922077922077922,0.06001356118117443,0.9707186388713032,0.9179803297342928,0.19154521212148934,True,False,False
0.03,True,0.6623376623376623,0.04451857426840232,,,,False,False,False
0.03,True,0.7922077922077922,0.0986318873985983,0.8221116022365437,0.9471703083051788,0.4537766802742619,True,False,False
0.03,True,0.7792207792207793,0.09894806609615976,0.8500849936822945,0.906522164136593,0.590645601092085,True,False,False
0.03,True,0.7532467532467533,0.07310608301647949,0.95436186411627,1.006939053017068,0.23282360500320032,True,False,False
0.03,True,0.7532467532467533,0.09817419349805265,1.086143208596334,1.0052390497224506,-0.1650521538917947,True,False,False
0.03,True,0.7922077922077922,0.10072243095484411,0.970112050648544,0.9277773713041186,0.265423461683488,True,False,False
0.03,True,0.922077922077922,0.07285835055754192,0.9940479789122004,1.0104538592275059,-0.026572265046634295,True,False,False
0.03,True,0.7532467532467533,0.11428531216611379,1.420759669860383,1.049750242690861,-1.050881146054339,False,False,False
0.03,True,0.7532467532467533,0.06783812405531334,1.5860102129173275,0.8167571885047534,-0.0161900803088149,False,False,False
0.03,True,0.7922077922077922,0.10727890857048204,1.136262105164379,1.2134894732331443,-0.9270073656354516,True,False,False
0.03,True,0.8311688311688312,0.05097585101875806,,,,False,False,False
0.03,True,0.7922077922077922,0.11100463095689568,0.8482067775176073,1.0940225415356675,0.18878592949362705,True,False,False
0.03,True,0.7012987012987013,0.06742592472088905,,,,False,False,False
0.03,True,0.7532467532467533,0.082286870261106,1.0416559057843147,0.9676500824152207,-0.0733935561402445,True,False,False
0.03,True,0.7532467532467533,0.07774863224547982,0.8679569302816722,0.9951843542171683,0.244775665554652,True,False,False
0.03,True,0.922077922077922,0.06438868192198292,1.0672131427188447,0.9917448999889953,-0.04448316801731604,True,False,False
0.03,True,0.6623376623376623,0.05781608363361796,,,,False,False,False
0.03,True,0.7012987012987013,0.05122425257590767,,,,False,False,False
0.03,True,0.7012987012987013,0.04875152669163798,,,,False,False,False
0.03,True,0.922077922077922,0.07111338428837871,1.0128010162802972,1.1155050230259953,-0.2915880399807583,True,False,False
0.03,True,0.7792207792207793,0.1134953407677202,0.7993532693599099,0.6908372580906728,1.258510592312479,True,False,False
0.03,True,0.7532467532467533,0.12462098056859973,0.6075739436007801,1.1222585928538062,0.8412215894571636,False,False,False
0.03,True,0.6623376623376623,0.056338377344814755,,,,False,False,False
0.03,True,0.922077922077922,0.07089097698890506,1.4222750169524763,1.1693437822791406,-0.6850041949829097,False,False,False
0.03,True,0.7922077922077922,0.0794912442405131,0.8907049559786145,0.8916284881352987,0.6756020591253209,True,False,False
0.03,True,0.7922077922077922,0.13310824718602182,1.3696142726557554,1.0448695547444637,-0.8365982643348874,False,False,False
0.03,True,0.7922077922077922,0.09561158799103771,0.9171933658413152,0.9085768251035471,0.5577707310721964,True,False,False
0.03,True,0.922077922077922,0.07704207845848916,0.829594358460505,1.0999332352608235,0.10867530642656262,True,False,False
0.03,True,0.7922077922077922,0.11104248605166109,1.0775587828007214,1.022254232296882,-0.30089292194132033,True,False,False
0.03,True,0.922077922077922,0.07149269979972914,0.9192665198455469,1.0420857623875222,0.022201571977140178,True,False,False
0.03,True,0.922077922077922,0.0808245372087756,0.9154512821394473,1.038776215457141,0.07289338754015512,True,False,False
0.03,True,0.8311688311688312,0.08545468735699387,,,,False,False,False
0.03,True,0.922077922077922,0.07525155402818484,1.052552203045526,1.0168726340770848,-0.022629053462728633,True,False,False
0.03,True,0.922077922077922,0.08918639258787274,1.6768894588952654,1.1682745618660364,-1.210824746732532,False,False,False
0.03,True,0.7922077922077922,0.13572541570343147,0.48670960936249563,0.9705811516527971,1.2891625774333788,False,False,False
0.03,True,0.922077922077922,0.08862192195833601,1.057566897963068,0.9731286164634698,-0.1304499253351962,True,False,False
0.03,True,0.922077922077922,0.08011203092198627,1.0268960685900297,0.9542500161052203,0.03799588936547053,True,False,False
0.03,True,0.7532467532467533,0.12880921843766638,0.9148727435848135,0.967755114986995,0.21888959424599227,True,False,False
0.03,True,0.922077922077922,0.06280829053367712,1.0154867340201732,1.1049633613002676,-0.2107756397548818,True,False,False
0.03,True,0.7532467532467533,0.11279421921710257,1.1227978957581368,0.8513064749038458,0.14668972474595413,True,False,False
0.03,True,0.7922077922077922,0.09725348359029302,0.8923410587378738,0.9987338921152153,0.22784920577186907,True,False,False
0.03,True,0.7922077922077922,0.0944199803084912,1.0799943501380975,0.9675954954016022,0.014496739873048371,True,False,False
0.03,True,0.7922077922077922,0.07924246502368759,0.9328269297429654,1.2661674896653523,-0.470783389263186,True,False,False
0.03,True,0.7402597402597403,0.06292369492202167,,,,False,True,False
0.03,True,0.7532467532467533,0.10292912140343294,1.2419795886119478,1.240200673277991,-0.9889333765332348,False,False,False
0.03,True,0.7532467532467533,0.09641872801003408,0.7767163799827388,0.9954781286744132,0.5443017323264661,True,False,False
0.03,True,0.7532467532467533,0.09465264242755603,0.8787675004401159,1.0381062818858924,0.18071609349680803,True,False,False
0.03,True,0.7922077922077922,0.10288590782556394,0.7869078898310001,1.2641135521572506,-0.07215106334948367,True,False,False
0.05,False,1.0,0.11973614188414135,1.0011312803191879,0.919895246623353,0.1623346601402708,True,False,False
0.05,False,1.0,0.11005288424604986,1.1275896933419838,0.8267149384599182,0.06387506563274896,True,False,False
0.05,False,1.0,0.1405956961896242,0.9703023992039257,0.7083818806382823,0.6574841872943413,True,False,False
0.05,False,1.0,0.10074611911941254,0.859057832178832,1.120686378252192,0.24133368775107084,True,False,False
0.05,False,0.8088235294117647,0.13645284801787508,0.7505739347437986,1.1321181414655352,0.146176221920929,True,False,False
0.05,False,0.8088235294117647,0.14801411241695384,1.1045787956661002,0.9157094641371109,-0.013451286162365902,True,False,False
0.05,False,0.8088235294117647,0.15213435484890134,1.0285940315277298,0.9810006484781565,-0.07044730943166894,True,False,False
0.05,False,1.0,0.1159085494780053,1.0900231928411686,0.8627877995180271,0.14687019756994235,True,False,False
0.05,False,1.0,0.10441837785090514,1.0946599303720408,0.9227138167003037,-0.042514914900789874,True,False,False
0.05,False,1.0,0.12330850781425125,0.9444067170000712,0.9953883812963183,0.15623580468945583,True,False,False
0.05,False,1.0,0.09965288457555159,1.021345177565648,0.9964103618587584,-0.11360079306577642,True,False,False
0.05,False,0.8088235294117647,0.1475043027223801,0.7415903913013384,0.6871286241318875,1.5730008677597547,True,False,False
0.05,False,1.0,0.08856257467575564,0.9672359840894997,0.9706624165489809,0.19458756046159223,True,False,False
0.05,False,1.0,0.11399921894193595,1.1012650774578332,1.2044507444600376,-0.5521440147893368,True,False,False
0.05,False,1.0,0.11047289334240414,0.9291592018576564,0.9397392555477155,0.30405672554494956,True,False,False
0.05,False,1.0,0.10452801557797742,0.8940831854830924,1.0054761631243132,0.15583372137264584,True,False,False
0.05,False,1.0,0.09748588342688731,1.0235521009277613,0.9479516990524629,0.04158687899733843,True,False,False
0.05,False,1.0,0.09735198142203652,0.977422364776985,1.0592064918903648,-0.09777095368125616,True,False,False
0.05,False,1.0,0.1207684078303693,1.0788249926479259,0.9900065539209773,-0.22031419481016998,True,False,False
0.05,False,1.0,0.10297067711396211,0.896495713140209,0.9698685825412369,0.2745528269080886,True,False,False
0.05,False,1.0,0.09415449649161217,0.9150386468702111,0.9728993350161276,0.17051504118670946,True,False,False
0.05,False,0.6617647058823529,0.13642261570824327,,,,False,False,False
0.05,False,1.0,0.09508528486073124,0.9238513009160287,0.9848477774195606,0.25787389505432623,True,False,False
0.05,False,1.0,0.12284130505271762,1.0085305970136955,0.9733630608374003,-0.08103388769077259,True,False,False
0.05,False,1.0,0.09893630289955835,1.0543828667151618,0.8466265420588316,0.0640684994001628,True,False,False
0.05,False,1.0,0.10674788944827573,0.8833283974756307,1.1647187969871018,-0.1126254832367726,True,False,False
0.05,False,1.0,0.10003052517085374,1.012142125741916,1.0990815129540796,-0.29953339568182047,True,False,False
0.05,False,0.8088235294117647,0.14394077587799348,0.8444688929938359,0.8415639331305684,0.8942020910061068,True,False,False
0.05,False,1.0,0.13242647816096315,1.048860646584131,0.8619025044502108,0.1567049270567799,True,False,False
0.05,False,0.8088235294117647,0.1605465950526684,0.7412401651485826,0.9322767748280478,0.8835862946934175,True,False,False
0.05,False,0.9852941176470589,0.11733452065377455,1.020680014335091,0.9295021057549278,0.06681454267353536,True,False,False
0.05,False,1.0,0.11269127558464295,1.0855375964460348,1.0685561941673656,-0.303938436308134,True,False,False
0.05,False,0.8088235294117647,0.13075092487353313,0.7369319395901224,0.8371959078180142,0.978669622878806,False,False,False
0.05,False,1.0,0.11670286557267788,0.9335685473139609,0.9937582304760778,0.13383121769789896,True,False,False
0.05,False,1.0,0.09606299374439922,1.0918601897517255,0.7905572897917063,0.2684336498893112,True,False,False
0.05,False,0.8088235294117647,0.11924655003222583,0.9693761657798128,1.0897666893805256,-0.23355197195809269,True,False,False
0.05,False,1.0,0.1526785613305895,0.9733995564337299,1.043933450472757,-0.06686487954492941,True,False,False
0.05,False,1.0,0.09684156172455878,1.006916813546381,1.1130504901731824,-0.06629975188387593,True,False,False
0.05,False,1.0,0.10396583061744485,0.9830822534125352,1.1648513198207495,-0.13898203067135662,True,False,False
0.05,False,1.0,0.09639745900200543,1.1411840307759344,0.9766850274353933,-0.242436875448919,True,False,False
0.05,False,1.0,0.0777664709129429,1.0313977407070034,0.9653802795130462,0.06267130536106333,True,False,False
0.05,False,0.8088235294117647,0.13424593489539136,0.9953010392488858,1.0807312855428197,-0.21414487114042466,True,False,False
0.05,False,0.8088235294117647,0.12175278666077637,1.0910551063607619,0.719570951190747,0.4788363523956146,True,False,False
0.05,False,1.0,0.1146389642696741,1.129258576785843,0.8284602957512054,-0.0845176174960766,True,False,False
0.05,False,0.9852941176470589,0.13481879285329304,1.139584113882469,0.9077864854816617,-0.032510682558340505,True,False,False
0.05,False,1.0,0.08123554639412223,1.024790377008667,0.7925137991366081,0.3275125572423257,True,False,False
0.05,False,0.7058823529411765,0.07483392248895743,,,,False,False,False
0.05,False,1.0,0.12689971755086193,0.9825630905155472,0.8265227853738701,0.3655244497765521,True,False,False
0.05,False,1.0,0.12791400627116628,1.0752379454389278,0.9768610523955895,-0.17039503880861795,True,False,False
0.05,False,1.0,0.10312042060480542,0.8861155488222103,0.8978573407885795,0.48943284983667484,True,False,False
0.05,False,0.8088235294117647,0.22903986192786266,1.0363649378210706,1.1043105800000246,-0.1395978561260741,True,False,False
0.05,False,1.0,0.12414745840924464,0.9782195770955696,1.0340246716498633,-0.17067130857943447,True,False,False
0.05,False,1.0,0.12912385789654385,0.875028875100593,1.1305611784881857,-0.007732041196277549,True,False,False
0.05,False,0.8088235294117647,0.14628830056347644,1.4029592841767016,1.220092840586078,-1.6214818917452636,False,False,False
0.05,False,1.0,0.08559738701303192,0.9395886757105414,0.9999770598129648,0.12910677640179338,True,False,False
0.05,False,1.0,0.12643306931213563,0.9473537758091598,0.8459619263241168,0.4473137220213418,True,False,False
0.05,False,1.0,0.10274344513962158,0.8609039685708313,1.0402836219720684,0.1794367387354201,True,False,False
0.05,False,1.0,0.08363984071704675,0.992543674323783,1.035575597924384,-0.02724381415195157,True,False,False
0.05,False,1.0,0.1016404743418721,0.9350026311482046,1.1109017681485205,-0.014457184901982818,True,False,False
0.05,False,1.0,0.10022963418220039,0.9990658788305843,1.0834567640995982,-0.12414727106608135,True,False,False
0.05,False,1.0,0.09731301804852603,1.0431305042441534,0.9105746206961743,0.11489189498623101,True,False,False
0.05,False,0.8088235294117647,0.17129222418049636,0.8997265255203655,1.1884528054242747,-0.3065218094463397,True,False,False
0.05,False,0.8088235294117647,0.14411659092154383,1.1972580334014493,0.8687041447180618,-0.24954800007564307,True,False,False
0.05,False,1.0,0.12452825096617023,0.9333913461780218,1.07166566217695,-0.1182282732448371,True,False,False
0.05,False,0.9852941176470589,0.12060513780637536,1.0496192171444394,0.9347119387410063,0.12303102999847923,True,False,False
0.05,False,1.0,0.07375034235218729,1.0481605383988695,1.0299718072280237,-0.131449619686093,True,False,False
0.05,False,0.8088235294117647,0.13899050216054085,0.6992825077757264,0.972316762930717,0.7300069495463294,False,False,False
0.05,False,0.8088235294117647,0.1942863510872315,1.2330979901571057,0.6050890235264783,0.5446121915801558,True,False,False
0.05,False,1.0,0.10431578892693924,1.0837716661430117,0.9190908719416547,0.1690734606503294,True,False,False
0.05,False,0.8088235294117647,0.16409950590677952,0.5575586931983246,0.7041634905980054,1.9157594375885532,False,False,False
0.05,False,0.8088235294117647,0.1567225638557099,0.7133507114377335,0.7010653485667733,1.234659371152363,False,False,False
0.05,False,0.8529411764705882,0.1154354384225824,,,,False,False,False
0.05,False,1.0,0.13030206278086431,0.9587096842876168,1.0651007533445105,0.04223064954690508,True,False,False
0.05,False,0.8088235294117647,0.1366842488121561,0.9312451621044465,0.9047127835176916,0.5854057035046485,True,False,False
0.05,False,1.0,0.09968012470677017,0.9961381230773899,0.9802179200119993,0.10038316250349986,True,False,False
0.05,False,1.0,0.11651778401437317,0.9984808740775384,1.0161208732237648,-0.03682705019347919,True,False,False
0.05,False,0.8529411764705882,0.08963373548756119,,,,False,False,False
0.05,False,1.0,0.09879156473124824,1.0171733637041065,0.8482198784577811,0.23046188265539005,True,False,False
0.05,False,1.0,0.181810343231703,0.9289163028180423,1.0632305851008246,0.026505335178497475,True,False,False
0.05,False,1.0,0.12028859039508386,0.8800256860583062,1.0539008612019514,0.22100634279973538,True,False,False
0.05,False,0.8088235294117647,0.1228326701165022,1.223016083800451,1.0045694013383,-0.622513170091854,True,False,False
0.05,False,1.0,0.10155359281740606,0.8758742252802724,0.9942721004373716,0.2703010209741559,True,False,False
0.05,False,1.0,0.1152745700165343,0.9050505835541973,0.9836479152309523,0.37455106735312166,True,False,False
0.05,False,1.0,0.11829956930682393,0.9870883441131505,0.9747680063943976,0.13296768819059263,True,False,False
0.05,False,1.0,0.1203884246813067,0.9692844389727991,1.0289892170517914,0.10238430899280122,True,False,False
0.05,False,0.8823529411764706,0.09869169456601713,1.498154821332134,1.1043270363697797,-1.4994712631487992,False,False,False
0.05,False,1.0,0.11962694823599966,1.0102460271560343,0.8119020242560153,0.48670045282361024,True,False,False
0.05,False,0.8088235294117647,0.13058697347039408,0.9471952858081372,0.5419695651988812,1.3449716399276825,True,False,False
0.05,False,0.8088235294117647,0.14716231550752254,0.9367948131656594,0.8983585199034624,0.18209398938865315,True,False,False
0.05,False,1.0,0.08896242170737445,0.9922257188317779,0.8938078758397437,0.23562455428313062,True,False,False
0.05,False,0.8088235294117647,0.14733751342756293,0.7065750440448177,0.7898000638749059,1.2744790823614711,False,False,False
0.05,False,1.0,0.10054061668855069,0.9593959987761751,0.8693157756443431,0.3126618368251044,True,False,False
0.05,False,0.8823529411764706,0.1014159426611926,0.4365258965798602,0.8661961058532701,2.0167058982445565,False,False,False
0.05,False,0.8088235294117647,0.18247792407968003,1.3716625795693664,1.2516373034944577,-1.789407165470226,False,False,False
0.05,False,1.0,0.10832448079422441,0.9858117728478417,1.061213255240162,-0.05820358228748225,True,False,False
0.05,False,1.0,0.09495255113901813,1.0456183628326834,0.9043014966535038,0.11088751115219687,True,False,False
0.05,False,0.8088235294117647,0.16210501648707612,1.133453248582246,0.9743809271499113,-0.2805236051355914,True,False,False
0.05,False,0.8088235294117647,0.13998295101353242,0.6620594130230155,1.0639163395808997,0.62440296653853,False,False,False
0.05,False,0.8088235294117647,0.1517031265743962,0.8797526960058554,0.9430710394268822,0.5581459351954656,True,False,False
0.05,False,0.8088235294117647,0.14602869889148823,0.9485140120437536,0.8232841263748993,0.7650730661247305,True,False,False
0.05,False,1.0,0.10997416911549464,1.0381220897807888,1.0970783765046548,-0.31634684903242904,True,False,False
0.05,False,0.7058823529411765,0.09623472624200274,,,,False,False,False
0.05,False,0.8088235294117647,0.1661180186646639,1.3538021970094674,1.0352930687908681,-0.9756183484917232,False,False,False
0.05,False,1.0,0.09787821412899349,1.0599254215651606,1.0223233831552763,-0.27948597772079464,True,False,False
0.05,False,1.0,0.09881656215282615,0.9730203728302211,0.9366733508242324,0.29088418695209645,True,False,False
0.05,False,0.8088235294117647,0.1807545508016679,0.6856913291966681,0.7534582677799793,1.3438635516488928,False,False,False
0.05,False,1.0,0.09504483568042048,1.0164953254297528,0.9418073456488327,0.18242014044386154,True,False,False
0.05,False,1.0,0.11456306506230629,0.9775987138246465,0.9570198795478085,0.14542113711672364,True,False,False
0.05,False,1.0,0.08559618191993516,1.0154574934190892,0.9385552487000807,0.2201698126760873,True,False,False
0.05,False,1.0,0.0877211572331606,1.002836656915911,1.0466009527090594,-0.11425955368978291,True,False,False
0.05,False,0.8088235294117647,0.1927981453507937,1.1570457092888966,0.8313427177042394,0.07980948473718429,True,False,False
0.05,False,1.0,0.13804595094626265,0.951573562759808,0.8755898933915802,0.5047671293224792,True,False,False
0.05,False,0.8823529411764706,0.10016789206047323,0.8576054445724522,0.7370303697169556,0.6821536858323908,False,False,False
0.05,False,1.0,0.1361323835750082,0.9295515374160527,0.8817910529766922,0.4048134081105129,True,False,False
0.05,False,0.8823529411764706,0.11073837793161254,1.585615266541907,1.096768848305006,-2.100335777054116,False,False,False
0.05,False,1.0,0.08393773998499773,1.0284858313356344,1.0035884695028228,0.0058491663954948715,True,False,False
0.05,False,1.0,0.09895019013914735,1.1321671088867937,1.091976573620144,-0.4203583102514192,True,False,False
0.05,False,0.8088235294117647,0.13965637495113684,0.7360836789621489,0.759809889041446,1.336268555139613,True,False,False
0.05,False,1.0,0.10985551046945523,0.927783112478418,0.9101455517211674,0.17091488924617243,True,False,False
0.05,False,1.0,0.10989838536322266,0.8880722831858838,0.9712363215214024,0.23827436900417331,True,False,False
0.05,False,1.0,0.12899341773003756,1.2546879524901264,1.000972813676857,-0.3544902849503674,False,False,False
0.05,False,1.0,0.12433928486745907,1.1117219239950609,0.917104567093465,-0.014335398015353015,True,False,False
0.05,False,1.0,0.10289183431526022,1.0045647883703654,0.9991298570256736,0.052203724098387194,True,False,False
0.05,False,1.0,0.10410130613904052,0.8996506630184277,1.1642390504549627,-0.052339263186320456,True,False,False
0.05,False,1.0,0.09900752498947409,1.0232883130786616,0.8705056131993968,0.3310908792109632,True,False,False
0.05,False,1.0,0.11713208854504903,0.9474994565622858,0.7000786086096493,0.6353721957128361,True,False,False
0.05,False,1.0,0.1012207725749155,0.9584530595520392,1.0371761869762022,0.031878908675380006,True,False,False
0.05,False,1.0,0.11281791487868019,0.9409582091159736,1.0090204414727584,0.21647991634714295,True,False,False
0.05,False,0.8088235294117647,0.14637932129274606,1.2953355727346028,1.2985470266299872,-1.6777658996687372,True,False,False
0.05,False,1.0,0.10351174513121221,1.1049347869030575,0.7078117714653299,0.4152158032919466,True,False,False
0.05,False,1.0,0.10760834617861854,0.9430764388548645,1.0671704898716163,0.030096261221884937,True,False,False
0.05,False,1.0,0.12993891786173406,1.0798871499298612,0.9292657547348421,0.04800186233294052,True,False,False
0.05,False,1.0,0.11501868541364231,0.9583037834389918,0.8221120760835519,0.4355941126035867,True,False,False
0.05,False,1.0,0.11093678502140947,0.931033804255534,1.0394463668214278,0.055055355483222594,True,False,False
0.05,False,1.0,0.09838326220164365,0.9815765761015751,0.8689014045762204,0.15783548654168647,True,False,False
0.05,False,1.0,0.09376249834098102,1.035659469751911,0.9131682911520828,0.24182743329784342,True,False,False
0.05,False,1.0,0.12010521950737706,0.8853766528739672,0.981367774092632,0.20426683873796478,True,False,False
0.05,False,1.0,0.08377535296499475,1.0178511810367066,1.058637410819724,-0.28431789902558446,True,False,False
0.05,False,1.0,0.07323680959768598,0.9634989894721694,0.9757761626624745,0.1027725371832859,True,False,False
0.05,False,0.6617647058823529,0.14912039621837359,,,,False,False,False
0.05,False,1.0,0.1388322464240612,1.0056474546395164,0.9661122199355923,0.07251806739696223,True,False,False
0.05,False,0.8088235294117647,0.12374008652004473,1.0874418796313003,1.2968151476126475,-0.9086311998126884,True,False,False
0.05,False,1.0,0.11457324324982213,1.0431683176317725,1.120940752843485,-0.18395409819357353,True,False,False
0.05,False,0.8088235294117647,0.10130761537289647,0.930510258398377,0.8496076566042787,0.5162011529841134,True,False,False
0.05,False,1.0,0.10417325493420988,0.9084530399531668,1.0673878599911533,0.13056731804469132,True,False,False
0.05,False,1.0,0.10563867406612899,0.990770274976342,1.0897518284949186,-0.14748823552895204,True,False,False
0.05,False,0.9852941176470589,0.11110660071585432,1.048668997741576,0.8893775526252572,0.04727372310500443,True,False,False
0.05,False,0.8088235294117647,0.13264898893729665,1.3184674634384659,1.4963896502902723,-1.9697244720914164,False,False,False
0.05,False,0.8088235294117647,0.10997223752828286,0.9189425654111282,1.0073718858191227,0.10338851053714118,True,False,False
0.05,False,0.9852941176470589,0.10914624588480586,0.8656063007568563,1.0916154728626142,0.09635119044756792,True,False,False
0.05,True,0.7532467532467533,0.13622513094898417,1.3045561484122459,0.7009102443655684,0.2234913553341695,False,False,False
0.05,True,0.7792207792207793,0.17450041271540767,0.6109526390323575,0.9202339332831371,1.0725840789637153,False,False,False
0.05,True,0.7012987012987013,0.09829478021640525,,,,False,False,False
0.05,True,0.7012987012987013,0.10228285163062087,,,,False,False,False
0.05,True,0.7532467532467533,0.13290382954721694,0.9447792350057986,0.7082876213847306,0.7972815640145683,True,False,False
0.05,True,0.7532467532467533,0.14081728036144425,1.7188032588358144,0.8395952782717229,-1.5109671784492413,False,False,False
0.05,True,0.6233766233766234,0.13005653753461813,,,,False,False,False
0.05,True,0.7012987012987013,0.07753786768057143,,,,False,False,False
0.05,True,0.7792207792207793,0.17711266479136528,1.4505026074981389,1.1888956310577783,-1.696800768053915,False,False,False
0.05,True,0.7922077922077922,0.11562677673494536,1.3200001881938757,1.174999962350661,-1.2023594894352128,False,False,False
0.05,True,0.922077922077922,0.10457144180212645,1.0551135450700289,0.9826623278797164,-0.05304145414982055,True,False,False
0.05,True,0.7922077922077922,0.12481489750442212,0.7692516441078596,0.9469949143097594,0.9306102554267169,True,False,False
0.05,True,0.7922077922077922,0.13860197803520494,0.841817249341586,0.8338504009144134,0.8696660357348364,True,False,False
0.05,True,0.7532467532467533,0.14779898137080724,1.1112315581749947,0.779158266118737,-0.024846748874172438,True,False,False
0.05,True,0.7792207792207793,0.14262789571005005,1.041451122640756,1.2914553249319978,-0.9072415815335649,True,False,False
0.05,True,0.7012987012987013,0.10784286296841397,,,,False,True,False
0.05,True,0.7922077922077922,0.16165035051787288,0.5067632677655626,1.0218247214409322,0.9170564838169117,False,False,False
0.05,True,0.7532467532467533,0.19159507144449184,0.9603727758387491,0.8686406447811339,0.34189634807179137,True,False,False
0.05,True,0.8311688311688312,0.1132390575208166,,,,False,False,False
0.05,True,0.7922077922077922,0.13721238775633762,1.2347074452941116,0.9039587518331949,-0.45434043648763756,True,False,False
0.05,True,0.7662337662337663,0.16548525787244567,0.6208768361331074,0.8510529224495007,1.3660806342766143,False,False,False
0.05,True,0.7922077922077922,0.12990898586787145,0.8586750135304723,1.022386848130796,0.3266306361826266,True,False,False
0.05,True,0.7662337662337663,0.1549418333594497,1.4220034920375113,1.5824074725288382,-2.8643335507301257,False,False,False
0.05,True,0.7922077922077922,0.17675113541016116,0.9646071809184572,1.0146285185962332,0.13089876232765818,True,False,False
0.05,True,0.7012987012987013,0.10318657660262406,,,,False,False,False
0.05,True,0.922077922077922,0.13160074902759278,1.0772604009060631,1.172483346313259,-0.2986605870515891,True,False,False
0.05,True,0.6623376623376623,0.08592871762473248,,,,False,False,False
0.05,True,0.7402597402597403,0.07863884275306206,,,,False,True,False
0.05,True,0.7922077922077922,0.14259368652914098,1.9354281015771417,1.0796374882213935,-2.4944118234987833,False,False,False
0.05,True,0.7012987012987013,0.08371843853297668,,,,False,False,False
0.05,True,0.7532467532467533,0.14707551248838557,0.6803483835396913,0.8972664291934036,1.2101518272147713,True,False,False
0.05,True,0.7012987012987013,0.09630552505694866,,,,False,False,False
0.05,True,0.7922077922077922,0.17277498656632367,1.220230917539575,1.213155590910558,-1.728582900472344,True,False,False
0.05,True,0.7012987012987013,0.09818507533801762,,,,False,False,False
0.05,True,0.7532467532467533,0.18069293725056604,1.014153738022295,0.8099240411094794,0.5363159306314867,True,False,False
0.05,True,0.922077922077922,0.12280420906097472,1.0850951272087757,0.92891875452597,-0.11167870948459774,True,False,False
0.05,True,0.7012987012987013,0.08089365873646245,,,,False,False,False
0.05,True,0.7012987012987013,0.09970345593034821,,,,False,False,False
0.05,True,0.7922077922077922,0.14670812665234534,0.9306963957967169,0.8984876933200467,0.44706254496137576,True,False,False
0.05,True,0.7922077922077922,0.13903259950289323,0.9134382548610404,0.9208789356176457,0.23432041788835412,True,False,False
0.05,True,0.922077922077922,0.15959474119205183,1.1418405815628077,0.8510397586553162,-0.07197098321555745,True,False,False
0.05,True,0.7532467532467533,0.16323392251698876,0.9635793118734616,1.0718870843917134,-0.05523110207967991,True,False,False
0.05,True,0.7922077922077922,0.12341254609955979,0.9671884911480907,1.3661140743587186,-0.8763733185913501,True,False,False
0.05,True,0.7922077922077922,0.17262469384397544,0.9053297388575892,0.6883275135749556,1.0786931009329095,True,False,False
0.05,True,0.7012987012987013,0.11335949832090565,,,,False,False,False
0.05,True,0.7532467532467533,0.13986223268094575,1.063344831660168,1.3439910404127975,-0.8364178620352495,True,False,False
0.05,True,0.7012987012987013,0.08833483700802307,,,,False,False,False
0.05,True,0.922077922077922,0.15488432922843254,1.2790678452754598,1.1291960786174668,-0.5021967203035914,False,False,False
0.05,True,0.7012987012987013,0.11516871344508477,,,,False,False,False
0.05,True,0.922077922077922,0.1205283731298864,1.031914110922431,0.9488236333711807,0.1451350065386751,True,False,False
0.05,True,0.7012987012987013,0.11964481121602046,,,,False,False,False
0.05,True,0.7792207792207793,0.13026324888398763,1.166784366451154,1.0619494739798243,-0.8267997921307515,True,False,False
0.05,True,0.7012987012987013,0.09448119341168,,,,False,False,False
0.05,True,0.8051948051948052,0.11972078291885985,1.099696084666326,0.9125228110451604,-0.43090056046402514,True,False,False
0.05,True,0.922077922077922,0.10997547995748522,1.250528031388424,0.7737716155098429,0.07056045570266582,True,False,False
0.05,True,0.7532467532467533,0.20502108353932974,0.5782590265494542,0.45831015914261797,2.570442092189201,False,False,False
0.05,True,0.922077922077922,0.15490623936699804,1.1833329566000217,0.7519556870097045,0.2507366835682922,True,False,False
0.05,True,0.7922077922077922,0.16896145907233434,1.3783710583430675,1.3972866231660177,-1.8978241041328066,False,False,False
0.05,True,0.7012987012987013,0.08082108895981302,,,,False,False,False
0.05,True,0.8311688311688312,0.12316270259835631,,,,False,False,False
0.05,True,0.7012987012987013,0.0941843131918923,,,,False,False,False
0.05,True,0.922077922077922,0.12283589243498513,0.979510174050981,0.9398709821081238,0.2898121880073853,True,False,False
0.05,True,0.7012987012987013,0.09025341654943163,,,,False,False,False
0.05,True,0.922077922077922,0.13632524572892063,1.1670463912925286,0.9174572043380015,-0.05318509152797161,True,False,False
0.05,True,0.6623376623376623,0.13438828691166368,,,,False,False,False
0.05,True,0.7012987012987013,0.07821503188135213,,,,False,False,False
0.05,True,0.7922077922077922,0.12974700261356595,1.2408299515585255,1.3189058115943446,-1.4386229287627108,True,False,False
0.05,True,0.7142857142857143,0.19418166043347676,,,,False,False,False
0.05,True,0.7792207792207793,0.1672729657820119,1.1368345839237624,0.8970100430876248,-0.2534215445123693,True,False,False
0.05,True,0.8181818181818182,0.09568099668912229,,,,False,False,False
0.05,True,0.7792207792207793,0.13548295912640126,0.8138420426093926,0.7440387819974359,1.0613446069881518,True,False,False
0.05,True,0.7792207792207793,0.1786657201006516,1.1007605900290773,1.26809640625234,-0.5947903268284991,True,False,False
0.05,True,0.7402597402597403,0.09715373749992066,,,,False,True,False
0.05,True,0.7922077922077922,0.20862933852190801,1.1183658498387483,1.1388537493665403,-0.5073348075073567,True,False,False
0.05,True,0.6623376623376623,0.09249411138482788,,,,False,False,False
0.05,True,0.7662337662337663,0.15507557490818027,0.523283853507225,0.5410043008427337,2.1775260375711727,False,False,False
0.05,True,0.922077922077922,0.094079755371748,0.9222819215286356,0.789932633613791,0.3870598421776205,True,False,False
0.05,True,0.7922077922077922,0.1498024471573053,0.37103754547821655,0.6852848761352828,1.9979745819715513,False,False,False
0.05,True,0.8311688311688312,0.08353054380337685,,,,False,False,False
0.05,True,0.7012987012987013,0.09167060376658086,,,,False,False,False
0.05,True,0.922077922077922,0.10556438928580203,1.0125518131285558,0.9257881369056087,0.1761159488423558,True,False,False
0.05,True,0.922077922077922,0.10042592569591413,0.9454001935302244,0.8657648085738211,0.3301573907642846,True,False,False
0.05,True,0.6623376623376623,0.07366761840900868,,,,False,False,False
0.05,True,0.922077922077922,0.11741237483607803,0.9458230052178981,0.9856721434278372,-0.09151856315302931,True,False,False
0.05,True,0.7792207792207793,0.16312217733983014,0.729424650389006,0.844374372162918,1.0332114575567835,False,False,False
0.05,True,0.7532467532467533,0.12212924925697265,0.9260723396006574,1.0098383251024368,0.38869532307703086,True,False,False
0.05,True,0.7532467532467533,0.15068653616364175,1.1290224316335165,0.9963915611627504,-0.1995470770986171,True,False,False
0.05,True,0.7922077922077922,0.14417025132692915,0.9027293846786427,0.8591402618339339,0.6106721069696743,True,False,False
0.05,True,0.922077922077922,0.11180680479003922,0.9844517007659317,1.0141017461229451,-0.024631100784741445,True,False,False
0.05,True,0.7532467532467533,0.15670755622189006,1.6692278078057985,1.0757072306074154,-1.6529564459177597,False,False,False
0.05,True,0.7532467532467533,0.11193617343363653,1.596020587682156,0.7188427110292077,0.2511415938491913,False,False,False
0.05,True,0.7922077922077922,0.15773932844323918,1.2344604254369238,1.3920301527875418,-1.648284442524762,True,False,False
0.05,True,0.7922077922077922,0.12359020809118092,0.7376167415463158,0.9999850742844705,0.6634068247040852,True,False,False
0.05,True,0.7922077922077922,0.18367342211259266,0.7816434170273429,1.1934756088464942,0.1300534712142058,True,False,False
0.05,True,0.7012987012987013,0.09871154188406017,,,,False,False,False
0.05,True,0.7532467532467533,0.13712258414033135,1.080668834465095,0.947279675534577,-0.14817971121360435,True,False,False
0.05,True,0.7272727272727273,0.13076261729305813,0.7884847695384051,0.982679256167007,0.4150856481583237,True,False,False
0.05,True,0.922077922077922,0.10838896988352605,1.1115050318276174,0.9815976743658895,-0.06215184675676351,True,False,False
0.05,True,0.6623376623376623,0.08975258244803488,,,,False,False,False
0.05,True,0.7012987012987013,0.08221939742021633,,,,False,False,False
0.05,True,0.7012987012987013,0.0811319936103189,,,,False,False,False
0.05,True,0.922077922077922,0.1123262983279222,1.0063470912896926,1.189919803137633,-0.45015272957115615,True,False,False
0.05,True,0.7792207792207793,0.15251914667638053,0.6704818456317643,0.47920507608650387,2.106215275097865,False,False,False
0.05,True,0.7532467532467533,0.1391618086921014,0.32195498440644116,1.1894824977221812,1.5349934923581225,False,False,False
0.05,True,0.6623376623376623,0.09173394972593045,,,,False,False,False
0.05,True,0.922077922077922,0.11740891512639912,1.4007212641787308,1.2114453939279217,-0.7004949720308892,False,False,False
0.05,True,0.7272727272727273,0.14327808985401363,,,,False,False,False
0.05,True,0.7012987012987013,0.09568014632129582,,,,False,False,False
0.05,True,0.7922077922077922,0.15792791549871982,0.8586261886359423,0.8516556699647679,0.9287003289700335,True,False,False
0.05,True,0.922077922077922,0.12177458672366698,0.698689305698081,1.1615458553413078,0.2304794671045419,False,False,False
0.05,True,0.7922077922077922,0.16942910303336897,1.085598244863544,1.025590215991883,-0.36009945362321083,True,False,False
0.05,True,0.922077922077922,0.11826393853394292,0.8660143733394989,1.070046193305904,0.03318723936791898,True,False,False
0.05,True,0.922077922077922,0.132721334683697,0.8623856506467107,1.0623817714570667,0.11611837740573358,True,False,False
0.05,True,0.7922077922077922,0.20771771535764796,0.8643365860590699,0.8167732083653285,0.807178123796313,True,False,False
0.05,True,0.7922077922077922,0.1309520570930043,1.2958785552615817,1.0227551649941433,-0.5269607355688237,False,False,False
0.05,True,0.922077922077922,0.12798648722736886,1.7222913070079269,1.2002579386107426,-1.3716068722287909,False,False,False
0.05,True,0.7922077922077922,0.16958804211483497,0.20998990438883627,0.9950446663419097,1.9176241933157265,False,False,False
0.05,True,0.922077922077922,0.12588757478915272,1.0891574672458255,0.9574629584744181,-0.20598665480298448,True,False,False
0.05,True,0.7922077922077922,0.15875385317242838,1.076293187814991,1.00170645205159,-0.25157974245932785,True,False,False
0.05,True,0.7532467532467533,0.1679820895796152,0.8421269766649707,0.9378814551371013,0.4196395660617847,True,False,False
0.05,True,0.922077922077922,0.09506218940993416,1.0274090373856817,1.1777838609850284,-0.3580697949608215,True,False,False
0.05,True,0.7532467532467533,0.18629377547363066,1.1472332626387416,0.7710937934667155,0.3403372782829118,True,False,False
0.05,True,0.7922077922077922,0.14089255653042906,0.8283033947461939,1.0068846644232254,0.341711806024294,True,False,False
0.05,True,0.7012987012987013,0.08814328218047354,,,,False,False,False
0.05,True,0.7922077922077922,0.13148185706923635,0.8595970359496583,1.4827236345125696,-0.8008829612639118,True,False,False
0.05,True,0.7402597402597403,0.10066078908978916,,,,False,True,False
0.05,True,0.7532467532467533,0.13303957882725337,1.3566442137159793,1.405453700912393,-1.5415803076192203,False,False,False
0.05,True,0.7532467532467533,0.1519904732537348,0.5821781018746672,0.9590742031025941,1.1399491164991673,False,False,False
0.05,True,0.7532467532467533,0.1507537495637349,0.8128487761618461,1.066207103473117,0.2632377026508301,True,False,False
0.05,True,0.7012987012987013,0.09010032302721405,,,,False,False,False
0.05,True,0.7532467532467533,0.1452978811139927,1.4466379574689352,0.9920822640683132,-1.320902365792734,False,False,False
0.05,True,0.6233766233766234,0.1419566330759016,,,,False,False,False
0.05,True,0.7532467532467533,0.14881864936510755,1.9637816440839133,1.1478923447422162,-2.904459707112594,False,False,False
0.05,True,0.7532467532467533,0.12827431316480556,1.2335830395037495,1.0230788969142528,-0.45139346465127644,False,False,False
0.05,True,0.922077922077922,0.11900273139945254,0.8589502688575442,1.0709110931938408,0.06649117297586296,True,False,False
0.05,True,0.7922077922077922,0.1385993296332458,0.9525123579274317,0.8294766645930687,0.6477219247727767,True,False,False
0.05,True,0.7012987012987013,0.09147540315501845,,,,False,False,False
0.05,True,0.7532467532467533,0.1431603043058003,1.0346858337258713,1.0230039532262738,-0.04410949347106859,True,False,False
0.05,True,0.922077922077922,0.10828270952073789,1.0466679529734666,1.0757062958743173,-0.17055139637582448,True,False,False
0.05,True,0.7922077922077922,0.1281585784469536,1.1857986498439301,0.8929500881611715,0.05379981715831688,True,False,False
0.05,True,0.7532467532467533,0.08962730066043267,0.9257948906836382,0.8755729051528852,0.35470828920627917,True,False,False
0.05,True,0.7922077922077922,0.19560847070799384,0.7314862691433748,1.3680519271719054,-0.5456833275292847,False,False,False
0.05,True,0.6623376623376623,0.08979693833795956,,,,False,False,False
0.05,True,0.922077922077922,0.1444168851614127,1.7348656857493345,1.1253700162931812,-1.077205249454284,False,False,False
0.05,True,0.7012987012987013,0.1017558248905225,,,,False,False,False
0.05,True,0.7012987012987013,0.0937742900312476,,,,False,False,False
0.05,True,0.7922077922077922,0.13252882890521153,0.5081207886775383,0.8273279648518241,1.8230116115098975,False,False,False
0.05,True,0.922077922077922,0.13667341492199098,0.8190247275522746,1.2701554711796161,-0.21609240759870174,True,False,False
0.05,True,0.7012987012987013,0.0882589983988307,,,,False,False,False
0.05,True,0.7012987012987013,0.09983682563916213,,,,False,False,False
0.07,False,1.0,0.12813607005498565,0.8721217268537099,0.9574339184839884,0.27055321930487447,True,False,False
0.07,False,0.6617647058823529,0.18001901495490538,,,,False,False,False
0.07,False,1.0,0.1296252628607788,0.8833419599760817,0.9763760030844053,0.3917922280261811,True,False,False
0.07,False,1.0,0.1653508592673961,1.0100206541079357,0.9650200142258045,-0.11354790621304811,True,False,False
0.07,False,0.9852941176470589,0.1341589251968389,1.0511964227655637,0.7424165664521503,0.22596189186028676,True,False,False
0.07,False,1.0,0.1298191846499001,0.8267332498711559,1.2305789379026695,-0.1294006888634916,True,False,False
0.07,False,1.0,0.13511482200965733,1.011995793547825,1.1356872714480015,-0.3972859788364795,True,False,False
0.07,False,0.8088235294117647,0.19763969257615932,0.7735154953079325,0.7848640219512688,1.2479417031673739,True,False,False
0.07,False,1.0,0.1687945509105187,1.0667162568544886,0.8060390775822168,0.219671049486547,True,False,False
0.07,False,0.7941176470588235,0.20026721421508478,0.656522690379156,0.9235113024266088,1.145845329514506,False,False,False
0.07,False,0.9852941176470589,0.12921794114136892,1.0201439164258324,0.8959838297904872,0.1257457647450706,True,False,False
0.07,False,1.0,0.147954662599913,1.1062072725805367,1.08139435037099,-0.3572711741293707,True,False,False
0.07,False,0.8088235294117647,0.16631291423300595,0.6473187532561446,0.7602047633779325,1.354302068212421,False,False,False
0.07,False,1.0,0.1367355852043484,0.9092569575658962,0.9896274266959101,0.1851314394190397,True,False,False
0.07,False,1.0,0.12126216165469428,1.1316602668840539,0.7020902007153494,0.38480601689205973,True,False,False
0.07,False,0.8088235294117647,0.1513479102144502,0.9343919378886518,1.1003018379536469,-0.1959226583875753,True,False,False
0.07,False,1.0,0.17235265702692354,0.9543432379793101,1.0597070063815037,-0.06734265322614676,True,False,False
0.07,False,1.0,0.12229475801974958,1.0062363219298915,1.1601644117281997,-0.08867397675421532,True,False,False
0.07,False,1.0,0.12439853651670484,0.9692938699938434,1.2168653991840297,-0.1447483107705809,True,False,False
0.07,False,1.0,0.12422573248891568,1.1938479542911316,0.9634217907543023,-0.31487290629233833,True,False,False
0.07,False,1.0,0.10927492640189232,1.0420262110025367,0.9511702232526442,0.09333587142524122,True,False,False
0.07,False,0.8088235294117647,0.17008901802193488,1.0037747591113344,1.1178483033668365,-0.34342094217953895,True,False,False
0.07,False,0.8088235294117647,0.15237901506649812,1.076484677707391,0.579774653424091,0.8727912473831532,True,False,False
0.07,False,1.0,0.14623078160189087,1.1636419519707077,0.7671315396381003,-0.08585217458318928,True,False,False
0.07,False,0.9852941176470589,0.1705646240426254,1.1856097542716402,0.8661096010108288,-0.007774379566068209,True,False,False
0.07,False,1.0,0.10291700270402235,1.0269046631578276,0.7016187208310785,0.4944304385422806,True,False,False
0.07,False,0.8088235294117647,0.1596526712714959,0.7699868860344825,0.8316578758315385,0.8499906838506256,False,False,False
0.07,False,1.0,0.16712995509280792,0.9750978932978452,0.7443283823860803,0.5418383675132363,True,False,False
0.07,False,1.0,0.1697622693267585,1.0999036459736022,0.9617854900575739,-0.2160173192571086,True,False,False
0.07,False,1.0,0.11279132582656527,0.8441307584196286,0.8572767920613049,0.6770987990434792,True,False,False
0.07,False,0.8088235294117647,0.24073353187063096,1.0430945990396177,1.1421687983141922,-0.1636416324654956,True,False,False
0.07,False,0.9852941176470589,0.1441211655039021,0.9288612823840777,1.0202598083577694,0.012026767533061184,True,False,False
0.07,False,1.0,0.16966114941561916,0.8146159561278629,1.1712170158248274,0.03885799750746834,True,False,False
0.07,False,0.8088235294117647,0.1810858770401147,1.57010717457417,1.2953806138340573,-2.2756708893937576,False,False,False
0.07,False,1.0,0.12018237275814943,0.9147328607711157,0.9866065968000611,0.21098576989621667,True,False,False
0.07,False,1.0,0.13173581084469035,0.8997213567384624,0.7862196939654562,0.6705724487779936,True,False,False
0.07,False,1.0,0.12967313273372966,0.8068570524060193,1.058582595352893,0.24319617636655128,True,False,False
0.07,False,1.0,0.11505390941983834,0.985322500615717,1.0484759757459292,-0.025081903162877922,True,False,False
0.07,False,1.0,0.12710410047018975,0.9001278224441841,1.1466500364853776,0.02060421593471409,True,False,False
0.07,False,0.9852941176470589,0.14441359414377675,0.9898789834819517,1.1071831438060666,-0.1318255253981858,True,False,False
0.07,False,1.0,0.1247958667309821,1.0511913873200842,0.8738036700338238,0.18417685158065059,True,False,False
0.07,False,1.0,0.1535130391942614,0.9084031145245004,1.0847373339256192,-0.010016953176860147,True,False,False
0.07,False,0.8088235294117647,0.19758899623928378,1.274818046005361,0.8011476680499103,-0.3163931253190493,True,False,False
0.07,False,1.0,0.15542159065900965,0.8862912987921217,1.0759141143091995,-0.06400994446320035,True,False,False
0.07,False,0.9852941176470589,0.14898993749870681,1.06974703660137,0.893333870221158,0.20813972272985296,True,False,False
0.07,False,1.0,0.10352427824754518,1.0607426110904412,1.036296106997695,-0.15531232923985558,True,False,False
0.07,False,0.8088235294117647,0.1705634003410349,0.5403578699052776,0.9085453396566776,1.251578415423948,False,False,False
0.07,False,0.8088235294117647,0.23288356875732125,1.3941464753186064,0.4434059529463831,0.5961184418942229,False,False,False
0.07,False,1.0,0.13444846852586612,1.113302279117495,0.8809408448057212,0.2586769910950231,True,False,False
0.07,False,0.7941176470588235,0.21279008710620775,0.35719203047291354,0.43066759134276955,3.19910896812829,False,False,False
0.07,False,0.8088235294117647,0.2126099507986926,0.6168355603138702,0.6105170504646149,1.637766131241552,False,False,False
0.07,False,0.9852941176470589,0.15313275884592387,1.0069736627695534,0.7258423717019248,0.5099173198539853,True,False,False
0.07,False,1.0,0.15763990365750216,0.9272923541527166,1.0752519364735496,0.13488996281056234,True,False,False
0.07,False,0.8088235294117647,0.1924249372881378,0.820338323283497,0.7597682191312696,1.3195313840543728,True,False,False
0.07,False,1.0,0.13862753458926588,0.985310836289176,0.9693437730309199,0.17200137617520322,True,False,False
0.07,False,1.0,0.13587945903250584,0.9892715902677535,1.0057029354755707,0.003583220373791224,True,False,False
0.07,False,0.8529411764705882,0.12343423032773919,,,,False,False,False
0.07,False,1.0,0.12787290414818378,1.0038309895663204,0.7746720223872349,0.40070280146310544,True,False,False
0.07,False,1.0,0.20432349512851256,0.9034507722449869,1.0805512574917049,0.04912817415523557,True,False,False
0.07,False,1.0,0.15467830529068075,0.8319706602173109,1.0629363539473833,0.33452929445355695,True,False,False
0.07,False,0.8088235294117647,0.17184091909631294,1.297034663448655,0.9799937566098053,-0.7569697688588619,True,False,False
0.07,False,1.0,0.14211242580086778,0.7955840811501192,0.9759570591132234,0.4913695709880126,True,False,False
0.07,False,1.0,0.15717733509043247,0.8624320193127862,0.9704241983489057,0.5534914983647617,True,False,False
0.07,False,0.9558823529411765,0.15017185312985962,0.8801266321307175,0.8638200396553748,0.6877774499026945,True,False,False
0.07,False,1.0,0.1685163163019577,0.9480612857324846,1.040751250970307,0.16744568539526403,True,False,False
0.07,False,0.8823529411764706,0.12788942606412038,2.1378701645319103,1.3019394662032509,-3.6343870951973907,False,False,False
0.07,False,1.0,0.16457640013111915,1.010324307890865,0.7343419388991865,0.6941060438533186,True,False,False
0.07,False,0.8088235294117647,0.16809787444722235,0.9112834531396199,0.377387971644324,1.8812271626566184,True,False,False
0.07,False,0.7941176470588235,0.19621095709884898,0.9055651479655286,0.8447035654617964,0.3148260307386803,True,False,False
0.07,False,1.0,0.1240855350831837,0.9885607039253527,0.8506361025602522,0.32937707586706183,True,False,False
0.07,False,0.8088235294117647,0.20171954686705354,0.5868010333631769,0.7262864710354893,1.7584289770008323,False,False,False
0.07,False,1.0,0.128837950213742,0.9449690562135961,0.8144200868356016,0.4377558151143918,True,False,False
0.07,False,1.0,0.15516198653564708,0.8695957668749712,0.9592521095519111,0.6039050004985362,True,False,False
0.07,False,0.8088235294117647,0.2189685636051657,1.5111108395942037,1.3539382800539927,-2.536715176085529,False,False,False
0.07,False,0.9852941176470589,0.1495366481363465,0.9239049948992284,1.0373270799418357,0.18614317244906334,True,False,False
0.07,False,1.0,0.11981063558663836,1.0588007508569242,0.8685445618780979,0.16014937965550016,True,False,False
0.07,False,0.8088235294117647,0.20425190769842114,1.179722661253757,0.9536179617124124,-0.3464411289794877,True,False,False
0.07,False,0.8088235294117647,0.18130159726377482,0.5506233828273775,1.0460574747935965,0.9484427854388803,False,False,False
0.07,False,0.8088235294117647,0.20911508854359714,0.8297262685915219,0.9139622894266946,0.8031496442852926,True,False,False
0.07,False,0.8088235294117647,0.17890829352860585,0.9322015358647098,0.7670581484166992,1.031984585845106,True,False,False
0.07,False,1.0,0.13794682014930196,1.0455452284370472,1.1277345387412459,-0.40581862427805154,True,False,False
0.07,False,0.7058823529411765,0.1295282754024121,,,,False,False,False
0.07,False,0.8088235294117647,0.20919925578946613,1.5285872455440659,1.060798454787197,-1.5119627480873774,False,False,False
0.07,False,1.0,0.13423912179963637,1.0778244621359268,1.0250188558802305,-0.3656540288411846,True,False,False
0.07,False,1.0,0.13150098055934564,0.951018660601653,0.899293208072548,0.45731727396889665,True,False,False
0.07,False,0.8088235294117647,0.22372279830470418,0.487214800337842,0.5245312254037238,2.4810785168324667,False,False,False
0.07,False,1.0,0.11382117016772025,1.0161804533300636,0.9148728712241094,0.27990356577153674,True,False,False
0.07,False,0.9852941176470589,0.15850771619837092,0.9511401336866937,0.9175307378361822,0.29475060394369135,True,False,False
0.07,False,1.0,0.11639651415001506,1.0163005533888376,0.9042254275029331,0.34043485891395436,True,False,False
0.07,False,0.9852941176470589,0.12161333276226292,0.9799620542058947,1.0553274983032983,-0.06576464674113744,True,False,False
0.07,False,0.8088235294117647,0.23809961842869132,1.2140740999191344,0.7537452411229656,0.16029077270057862,True,False,False
0.07,False,1.0,0.17969552021407537,0.9250694768409565,0.8185578547853507,0.7500907918723656,True,False,False
0.07,False,0.8823529411764706,0.12384397392594063,0.8123108338882268,0.653944820853031,0.8957174317237119,False,False,False
0.07,False,1.0,0.16870271643278742,0.8908476970794361,0.8290693389003101,0.5907616839547033,True,False,False
0.07,False,0.8676470588235294,0.14499785912151114,2.1225684747108096,1.1942145952169623,-4.005591106533042,False,False,False
0.07,False,1.0,0.10766657285389236,1.03714599498263,1.0003531072228369,0.025372610213519935,True,False,False
0.07,False,0.9852941176470589,0.13893991093713529,1.1722133453185255,1.1202062968868587,-0.5276381291166131,True,False,False
0.07,False,0.8088235294117647,0.1937852739836748,0.6162201691301167,0.6646797824188424,1.9115228969742344,False,False,False
0.07,False,1.0,0.13500424765195657,0.8983419235760888,0.8640981624485201,0.2612452283657345,True,False,False
0.07,False,0.8088235294117647,0.19729165740032176,0.7295705827431765,0.7016585537582971,1.3931538386560771,False,False,False
0.07,False,1.0,0.1709217968335136,1.3714499680130026,0.9838773637225402,-0.4785797434126172,False,False,False
0.07,False,0.9852941176470589,0.16002437196472044,1.2010519932274464,0.8681981536905312,-0.04537111581412634,True,False,False
0.07,False,1.0,0.1332095983678964,0.9966728310665102,0.9992975816675347,0.09643096921093343,True,False,False
0.07,False,1.0,0.14209837598675995,0.8582124521724017,1.2192587789036713,-0.04049961330414548,True,False,False
0.07,False,1.0,0.12583032264725805,1.0308830147811203,0.8143674860667346,0.4759128848193572,True,False,False
0.07,False,1.0,0.14403974376198198,0.9213563409310146,0.5733119659831474,0.9277805088137973,True,False,False
0.07,False,1.0,0.13151605211207298,0.9403532697384702,1.0479392957147815,0.058521390821198,True,False,False
0.07,False,0.9852941176470589,0.14003037547007322,1.0086836776795192,1.025846156467583,0.10326335103064288,True,False,False
0.07,False,0.8088235294117647,0.19649870072018033,1.3863175707002329,1.3781454076445465,-2.164119203013675,False,False,False
0.07,False,1.0,0.11965745824775549,1.1267371879511479,0.5803951544418294,0.6605101950558013,True,False,False
0.07,False,1.0,0.14899034606439662,0.9184361126845357,1.0862054523153244,0.06698916856632664,True,False,False
0.07,False,0.9852941176470589,0.16472142977804233,1.1133104258294528,0.8794601854056439,0.138759193387826,True,False,False
0.07,False,1.0,0.13355196048729737,0.9295571842816521,0.7473176718145936,0.6510042636965063,True,False,False
0.07,False,0.9852941176470589,0.1434887711474358,0.9301822173757063,1.0237253487032634,0.10164663221965739,True,False,False
0.07,False,1.0,0.12667503839642968,0.9688547484439165,0.8165816570214615,0.23765256341027557,True,False,False
0.07,False,1.0,0.12102294556808024,1.0377469914374966,0.8681839859081263,0.391829046863339,True,False,False
0.07,False,1.0,0.14167202986092114,0.8389194135672474,0.9556901348543193,0.32260462360134556,True,False,False
0.07,False,1.0,0.11668018627102406,1.0203487424797393,1.0807862926714198,-0.38543491950218567,True,False,False
0.07,False,1.0,0.10306563035873938,0.9448380811998309,0.9651184818805371,0.1556145187615648,True,False,False
0.07,False,0.6617647058823529,0.17226344779128314,,,,False,False,False
0.07,False,1.0,0.17261819687067145,1.004091791903149,0.954993889257645,0.10650483311691505,True,False,False
0.07,False,0.8088235294117647,0.17268102560327392,1.1157351657478212,1.397821019694855,-1.1940269908799592,True,False,False
0.07,False,1.0,0.15289955328106333,1.0467444450247088,1.162429309407575,-0.20418257358577724,True,False,False
0.07,False,0.8088235294117647,0.142768379446424,0.9032262264254635,0.7901692599880942,0.7255156344216622,True,False,False
0.07,False,1.0,0.1244803680215445,0.860421737490659,1.0855588949926738,0.22659412358168993,True,False,False
0.07,False,1.0,0.1437042345728,0.9717316257810009,1.1108595849570087,-0.13759549394303977,True,False,False
0.07,False,0.9852941176470589,0.13268685766911692,1.0687814919113585,0.8472907834037212,0.06115900725487645,True,False,False
0.07,False,0.8088235294117647,0.18316457602476813,1.4281806347225185,1.6810925959116525,-2.646882695841398,False,False,False
0.07,False,0.8088235294117647,0.14691323102090398,0.8770284031417332,1.0141703939713815,0.1577018601748496,True,False,False
0.07,False,0.9852941176470589,0.13023849957503622,0.8044786072063543,1.1297173597030727,0.15409705152464132,True,False,False
0.07,False,1.0,0.13971764632348044,0.9489829029687906,0.9292046488973098,0.1739231140294919,True,False,False
0.07,False,0.6617647058823529,0.1673198815277361,,,,False,False,False
0.07,False,0.8088235294117647,0.20176844563513507,0.40671924451569325,0.8541261269596541,1.9105084310100389,False,False,False
0.07,False,1.0,0.14718485954990504,1.0218429906759838,0.9613372345882253,0.02319917296993927,True,False,False
0.07,False,1.0,0.1294394729995014,1.1018298291517845,1.1396569406583337,-0.26678024868755734,True,False,False
0.07,False,1.0,0.15352414309794185,0.8657867029363274,1.156410919341209,0.05627375966341091,True,False,False
0.07,False,1.0,0.16256819011956167,1.0847775596155367,1.0557675555996329,-0.2687228053946225,True,False,False
0.07,False,0.8088235294117647,0.21954404542741426,1.4309172614645256,1.2054601229528417,-1.5292364918012735,False,False,False
0.07,False,1.0,0.13191137452819016,1.0397304114479122,0.8268932063628569,0.33391322763520936,True,False,False
0.07,False,1.0,0.131539503228936,0.8470771071936832,1.0784616046342161,0.08385283909218476,True,False,False
0.07,False,1.0,0.10083760949282669,0.9471802564754186,1.0595267670382356,0.036434081471009065,True,False,False
0.07,False,1.0,0.12419341110741926,1.1260080828928358,0.8953794985021624,0.03464342288817689,True,False,False
0.07,False,0.9852941176470589,0.16156680892218547,1.1043326075879585,0.9682864842153978,0.023230520753466356,True,False,False
0.07,False,0.8088235294117647,0.12053447938101046,1.044201069813148,1.0845955245648287,-0.23256409798897493,True,False,False
0.07,False,1.0,0.14223719144024552,1.0394917374292547,1.009498699004804,-0.0016130104578473744,True,False,False
0.07,False,1.0,0.13886570292846842,0.7825095941475465,1.161449106981506,0.1554951170055016,True,False,False
0.07,False,0.6617647058823529,0.18747193550701172,,,,False,False,False
0.07,False,0.6617647058823529,0.17280821543765698,,,,False,False,False
0.07,False,1.0,0.1387932991778667,0.8541396877644801,0.7278997234507798,0.9856107529241217,True,False,False
0.07,False,0.7352941176470589,0.18257172576941078,1.878678189502995,1.7331207481006765,-4.746708710086693,False,False,False
0.07,True,0.7662337662337663,0.20622659397771684,0.43949308998197717,0.7876846077013362,2.0157275805156583,False,False,False
0.07,True,0.7012987012987013,0.12036796165996101,,,,False,False,False
0.07,True,0.7662337662337663,0.19008367522195463,1.601675207377236,1.8855790554778435,-4.284396011776922,False,False,False
0.07,True,0.7922077922077922,0.2215182216981229,0.9374638138308587,1.016281997752696,0.2348439478423189,True,False,False
0.07,True,0.7012987012987013,0.12851445586237112,,,,False,False,False
0.07,True,0.9090909090909091,0.12858939481963208,1.1059010956122293,1.2370664754768672,-0.3543439898679647,False,False,False
0.07,True,0.6623376623376623,0.09942165942942788,,,,False,False,False
0.07,True,0.7402597402597403,0.10797057173568708,,,,False,True,False
0.07,True,0.7922077922077922,0.17791018570112832,2.5344022458301203,1.1297224607585852,-4.01285486927696,False,False,False
0.07,True,0.7012987012987013,0.10796068898696211,,,,False,False,False
0.07,True,0.7532467532467533,0.1765058772034112,0.5739438139636386,0.8575047399698856,1.6304386941748765,False,False,False
0.07,True,0.7012987012987013,0.12348592728050958,,,,False,False,False
0.07,True,0.7792207792207793,0.2562989499381303,1.1530539300283338,1.5295653318770837,-2.88377840282247,True,False,False
0.07,True,0.7012987012987013,0.11160955679359981,,,,False,False,False
0.07,True,0.7532467532467533,0.21218159260324196,1.0165564925356074,0.7342657609202261,0.7510259850654618,True,False,False
0.07,True,0.922077922077922,0.15915203880933973,1.1133232847017096,0.8975466828558814,-0.13656787088083552,True,False,False
0.07,True,0.7402597402597403,0.18880641726293965,,,,False,False,False
0.07,True,0.7922077922077922,0.22432017124784728,0.5011064169758906,0.3530728129365044,3.0434926074579236,False,False,False
0.07,True,0.7922077922077922,0.20748105536214495,0.8538530505702044,0.8242036899842731,0.8530162375780459,True,False,False
0.07,True,0.7922077922077922,0.17566885560413165,0.8573578889651867,0.8895184322977159,0.3811875270414722,True,False,False
0.07,True,0.922077922077922,0.18585555465481526,1.1817235205540173,0.7938270716859277,-0.06432378728873495,True,False,False
0.07,True,0.7532467532467533,0.22138939260688625,0.9474144900804743,1.1043471449338467,-0.07274948646241486,True,False,False
0.07,True,0.7922077922077922,0.15569817739350114,0.9937698325391644,1.5432096204469143,-1.4189880855891914,True,False,False
0.07,True,0.7922077922077922,0.2095397919064353,0.8535470873945095,0.5488797250199724,1.5859537698671686,True,False,False
0.07,True,0.922077922077922,0.17037630611220636,0.9471512210990565,0.7983039927243327,0.3514462795473641,True,False,False
0.07,True,0.7532467532467533,0.1732535748923338,1.0758251013611195,1.497283843931133,-1.1556425250892042,True,False,False
0.07,True,0.7012987012987013,0.1147371729776257,,,,False,False,False
0.07,True,0.922077922077922,0.1917775432321231,1.192286261939894,1.1142490767978936,-0.3264359876743041,False,False,False
0.07,True,0.7012987012987013,0.13766013459052434,,,,False,False,False
0.07,True,0.922077922077922,0.15948212598381442,1.0455130327045314,0.9232618635418828,0.21045933487843077,True,False,False
0.07,True,0.7012987012987013,0.14691078065319538,,,,False,False,False
0.07,True,0.7662337662337663,0.18081641129902387,1.2381093827719136,1.0883668508130047,-1.167980196216033,True,False,False
0.07,True,0.7012987012987013,0.12006584944210755,,,,False,False,False
0.07,True,0.8051948051948052,0.16157271258888312,1.1284097653379133,0.8705213596934146,-0.5621403069873299,True,False,False
0.07,True,0.922077922077922,0.13046637067506872,1.3577014506405884,0.6759292059013136,0.10932768317129048,False,False,False
0.07,True,0.7532467532467533,0.21334588556149642,0.4318657448612594,0.269273162200637,3.5680910492681703,False,False,False
0.07,True,0.922077922077922,0.1773202947615506,1.2591817821030142,0.6647350248248495,0.3286641950849742,True,False,False
0.07,True,0.7792207792207793,0.21479992628009056,1.5666076813080891,1.5998258922435802,-2.8669285565940754,False,False,False
0.07,True,0.7012987012987013,0.09583898607120421,,,,False,False,False
0.07,True,0.8311688311688312,0.1730825394093804,,,,False,False,False
0.07,True,0.922077922077922,0.1596264773541297,0.9381722232426208,0.8194851398040465,0.4693544710924531,True,False,False
0.07,True,0.8311688311688312,0.1415371355436548,,,,False,False,False
0.07,True,0.7012987012987013,0.11989656543205456,,,,False,False,False
0.07,True,0.922077922077922,0.15675909060952486,1.2280967584557083,0.880635362039762,-0.05227445410831445,True,False,False
0.07,True,0.7532467532467533,0.17279896435384792,1.012900317555039,1.0347439602751842,0.06553984139813537,True,False,False
0.07,True,0.7012987012987013,0.10450749995278222,,,,False,False,False
0.07,True,0.7792207792207793,0.16423213678120127,1.2974942201424189,1.410254716298615,-1.795817453478415,False,False,False
0.07,True,0.7142857142857143,0.21046991743618226,,,,False,False,False
0.07,True,0.7792207792207793,0.23016365491571766,1.0814506520291147,0.7998022789397352,0.11216293070070076,True,False,False
0.07,True,0.8181818181818182,0.1318713769974386,,,,False,False,False
0.07,True,0.7922077922077922,0.1501923097934634,0.7466432697920297,0.6473386835487525,1.4477607045565264,False,False,False
0.07,True,0.7012987012987013,0.11692504047932853,,,,False,False,False
0.07,True,0.7012987012987013,0.11648424097934092,,,,False,False,False
0.07,True,0.7922077922077922,0.25406934354256994,1.111867085531935,1.2124794881405965,-0.6278614758577967,True,False,False
0.07,True,0.7532467532467533,0.181109201797353,1.1000528999776136,1.0644131427755807,-0.1271645952111521,True,False,False
0.07,True,0.7792207792207793,0.18064876865846144,0.31520978760564694,0.37691616832799224,3.067463944867149,False,False,False
0.07,True,0.9090909090909091,0.1126042661183188,0.8881340859685937,0.7135201840069948,0.5386155924199534,False,False,False
0.07,True,0.7922077922077922,0.19141608407660787,0.10609342156776841,0.5720038093515407,2.8443683422533463,False,False,False
0.07,True,0.8311688311688312,0.10860036516287296,,,,False,False,False
0.07,True,0.7012987012987013,0.11877856527255014,,,,False,False,False
0.07,True,0.922077922077922,0.11833736038449166,1.0142186450312631,0.8923465979553183,0.26176622634289975,True,False,False
0.07,True,0.9090909090909091,0.12755497722840384,0.9153761550424294,0.8160270112575041,0.47635635842570745,True,False,False
0.07,True,0.6623376623376623,0.09672484848889937,,,,False,False,False
0.07,True,0.7662337662337663,0.1898150728579981,-1.3163317911681915,-0.09347512884776776,9.408068620894007,False,False,False
0.07,True,0.7792207792207793,0.21406947376523822,0.6177200736308766,0.7868828527434562,1.4389787474094256,False,False,False
0.07,True,0.7532467532467533,0.17138291873415543,0.8992750589234951,1.0115574076267833,0.5450289862055632,True,False,False
0.07,True,0.7532467532467533,0.17401578604430695,1.1575492611984304,0.9789054203737313,-0.1739604727067379,True,False,False
0.07,True,0.7792207792207793,0.20356098465442052,-28.391145166310626,-19.94614840858364,139.7800867794484,False,False,False
0.07,True,0.922077922077922,0.1299860163213559,0.9713786326071295,1.0149468930120111,-0.008856947944891167,True,False,False
0.07,True,0.7532467532467533,0.19103593336077382,1.8799732640828377,1.0898438509101764,-2.129249573269548,False,False,False
0.07,True,0.7532467532467533,0.15516349374970928,1.6185520951944214,0.6368684948077789,0.4413170928006994,False,False,False
0.07,True,0.7272727272727273,0.21990255946065446,,,,False,False,False
0.07,True,0.7922077922077922,0.1620537588867422,0.6547923295777404,1.0036131224703548,0.8678276932132246,False,False,False
0.07,True,0.7922077922077922,0.2262706436707266,0.7369308916270554,1.3452126656329002,-0.11731723809215909,True,False,False
0.07,True,0.7012987012987013,0.12348323740196487,,,,False,False,False
0.07,True,0.7532467532467533,0.19194054837705726,1.130861257692416,0.9281648970166162,-0.24839451943716406,True,False,False
0.07,True,0.7532467532467533,0.16771853073378734,0.713350910445548,0.9626915437382348,0.5964827074790812,False,False,False
0.07,True,0.922077922077922,0.15169001966729584,1.1544600042375255,0.9680901885817664,-0.06882188067197248,True,False,False
0.07,True,0.6623376623376623,0.1155711985684211,,,,False,False,False
0.07,True,0.7012987012987013,0.10322492295975637,,,,False,False,False
0.07,True,0.7012987012987013,0.11017092664684988,,,,False,False,False
0.07,True,0.922077922077922,0.1409326808562525,0.9851421678096053,1.2610430581175085,-0.5716785801830263,True,False,False
0.07,True,0.7012987012987013,0.11557807964206354,,,,False,False,False
0.07,True,0.7532467532467533,0.18163504144633932,0.012478343448196826,1.2349425938626133,2.3798257523014787,False,False,False
0.07,True,0.6623376623376623,0.11539777753542307,,,,False,False,False
0.07,True,0.922077922077922,0.14954329074546494,1.3742689415416454,1.2541564139660693,-0.7039372684977734,False,False,False
0.07,True,0.7272727272727273,0.1981643791333229,,,,False,False,False
0.07,True,0.7012987012987013,0.10748341019926173,,,,False,False,False
0.07,True,0.7922077922077922,0.19768277162587986,0.7984268191412531,0.7978870528090651,1.2960474867967515,True,False,False
0.07,True,0.9090909090909091,0.15929763571877548,0.5903039255027794,1.194210832890232,0.38457624733498497,False,False,False
0.07,True,0.7922077922077922,0.19893892010902,1.0659116720174275,1.0172182261621732,-0.3168140691939686,True,False,False
0.07,True,0.922077922077922,0.161119564567745,0.813577154618674,1.0977702881113558,0.04082953731705875,True,False,False
0.07,True,0.922077922077922,0.1564780962667609,0.8123641314941751,1.0839537862566102,0.155051388069645,True,False,False
0.07,True,0.7792207792207793,0.24843308000484643,1.0773044673029757,0.8875103666466522,-0.08881254704419762,True,False,False
0.07,True,0.7922077922077922,0.1591559552442333,1.4403017783307441,1.040288199944473,-0.8149091112947999,False,False,False
0.07,True,0.922077922077922,0.15600909807750166,1.7579737916289864,1.2329329992365747,-1.5115794509913492,False,False,False
0.07,True,0.7012987012987013,0.1226445711755748,,,,False,False,False
0.07,True,0.922077922077922,0.14404928444185705,1.1152503383764016,0.9437526074749849,-0.2728359760272349,True,False,False
0.07,True,0.7922077922077922,0.22881852550849538,1.1007373365307007,1.0074449257616434,-0.35623512201733143,True,False,False
0.07,True,0.7532467532467533,0.20705454488721448,0.759005121846282,0.9021642527779734,0.6538072876081428,False,False,False
0.07,True,0.9090909090909091,0.11415643213132187,1.040671993420362,1.2528933768747441,-0.5107689194602352,True,False,False
0.07,True,0.922077922077922,0.16662943712548486,1.0945164428846363,0.8281610892521816,0.1821105875172306,True,False,False
0.07,True,0.7012987012987013,0.09868526778622772,,,,False,False,False
0.07,True,0.7012987012987013,0.10094722528401355,,,,False,False,False
0.07,True,0.7922077922077922,0.1643178267830811,0.7593210380682229,1.743321996600382,-1.162597359779847,True,False,False
0.07,True,0.7402597402597403,0.11737380019993954,,,,False,True,False
0.07,True,0.7532467532467533,0.15827658645773038,1.4431074034441103,1.5801197892998466,-2.045249683354858,False,False,False
0.07,True,0.7532467532467533,0.1823988710312688,0.37512882539273545,0.9123007635975005,1.8207992068190844,False,False,False
0.07,True,0.7532467532467533,0.18289066207113458,0.7565236369826649,1.0966736485916848,0.3191412196541187,True,False,False
0.07,True,0.7012987012987013,0.12327310219379353,,,,False,False,False
0.07,True,0.7532467532467533,0.17420990759156302,1.6351352789174958,0.9735430470118469,-1.850315512036437,False,False,False
0.07,True,0.6233766233766234,0.17871022592019767,,,,False,False,False
0.07,True,0.7532467532467533,0.17557947557979858,2.293619106088564,1.2456214226867433,-4.022619249589204,False,False,False
0.07,True,0.7532467532467533,0.13949447261905668,1.3269700428802815,1.0328581734405091,-0.6292776934981207,False,False,False
0.07,True,0.922077922077922,0.159703320047203,0.7931601081426769,1.0927054126667635,0.13011445905002322,True,False,False
0.07,True,0.7922077922077922,0.16175246346482658,0.9207507908112527,0.7557978079086649,0.9629223327120986,True,False,False
0.07,True,0.7272727272727273,0.20036419157552662,,,,False,False,False
0.07,True,0.7532467532467533,0.14856761752229902,0.979522843447438,0.997584081597737,0.2117747944356366,True,False,False
0.07,True,0.922077922077922,0.14385483352286632,1.058891647711455,1.1037484608747885,-0.22131443974816542,True,False,False
0.07,True,0.7922077922077922,0.16421049386231404,1.280222617958003,0.8380723789709057,0.0670243970050651,False,False,False
0.07,True,0.7532467532467533,0.11761950705310885,0.895358774537777,0.828867456565782,0.498845902395772,True,False,False
0.07,True,0.7922077922077922,0.189606431042569,0.6401022619974248,1.5203293170798446,-0.8196916591161771,False,False,False
0.07,True,0.6753246753246753,0.1642554738391257,,,,False,False,False
0.07,True,0.922077922077922,0.1640597444588656,1.7357255509170304,1.1738327742601622,-1.1281274250387043,False,False,False
0.07,True,0.7012987012987013,0.12862460463025846,,,,False,False,False
0.07,True,0.7012987012987013,0.1256036668698487,,,,False,False,False
0.07,True,0.7922077922077922,0.17507186590747553,0.29387149221117137,0.758141753290525,2.5759340075788613,False,False,False
0.07,True,0.922077922077922,0.17879626258628153,0.742856956280902,1.3746649753472535,-0.27722573802236167,True,False,False
0.07,True,0.7012987012987013,0.12070595691516214,,,,False,False,False
0.07,True,0.7012987012987013,0.1325138162716824,,,,False,False,False
0.07,True,0.7922077922077922,0.1446239569261874,1.4973608256529969,1.0965057871450028,-1.2749658746351706,False,False,False
0.07,True,0.7532467532467533,0.21400191307818162,1.3135639113466142,1.0605457767343764,-1.5375378161899338,True,False,False
0.07,True,0.7922077922077922,0.1847920344539331,1.2179167116472185,1.0429507719922833,-1.0501161213984662,True,False,False
0.07,True,0.9090909090909091,0.21046669827991443,0.7971348944068485,1.1352361239417013,0.10976963544590268,True,False,False
0.07,True,0.9090909090909091,0.16211551617251835,1.756472058669585,1.005915700868569,-0.9053853134394099,False,False,False
0.07,True,0.7142857142857143,0.16281038014231872,,,,False,False,False
0.07,True,0.6623376623376623,0.11968685636845901,,,,False,False,False
0.07,True,0.7532467532467533,0.19344093153419603,0.47415795982274117,0.9651694323954751,1.3269360818999283,False,False,False
0.07,True,0.7012987012987013,0.10405399515439993,,,,False,False,False
0.07,True,0.7532467532467533,0.18683304184429292,0.31322320087511707,0.9905184897119326,1.4633098197418064,False,False,False
0.07,True,0.7532467532467533,0.2158810947156677,0.5341791694555277,0.9859672873801519,1.3795067212158982,False,False,False
0.07,True,0.7662337662337663,0.18645924542988693,1.7375867869476391,1.013167653069504,-1.8945035065228224,False,False,False
0.07,True,0.7532467532467533,0.18232126667493082,2.996597048752089,2.6860374911783076,-10.68235536597417,False,False,False
0.07,True,0.7922077922077922,0.22290858017387544,1.4753045537257452,1.1089488926734128,-1.0537313187170625,False,False,False
0.07,True,0.7662337662337663,0.24740282827560023,-0.9240086219007008,0.21935256602498354,7.941453933640493,False,False,False
0.07,True,0.7792207792207793,0.19732159105643798,0.87166238596415,0.5889177908276826,1.8640413036817676,True,False,False
0.07,True,0.7922077922077922,0.2067157432232988,1.2401283622009687,0.6758264134933372,0.26725734509681365,True,False,False
0.07,True,0.7532467532467533,0.19315686314400946,1.6649160229685074,0.8193702735259253,-0.15331560622879933,False,False,False
0.07,True,0.7532467532467533,0.18504295712218957,1.7368239884971919,0.6945221504489805,-0.941904524313676,False,False,False
0.07,True,0.7012987012987013,0.128638076701041,,,,False,False,False
0.1,False,0.8088235294117647,0.24336164136425123,1.0376633844644267,1.1837658901579249,-0.10907811310298977,True,False,False
0.1,False,0.9705882352941176,0.1603690977541566,0.8962701844082263,1.0002280568621946,0.08264792743969376,True,False,False
0.1,False,0.9705882352941176,0.1796405454306554,0.6846439200036133,1.1711486213563962,0.17406533010382327,False,False,False
0.1,False,0.7941176470588235,0.2089292995678481,1.8129995777458585,1.3864397207343235,-3.1994790800662782,False,False,False
0.1,False,1.0,0.17041734893804464,0.876809978739668,0.9527099994773363,0.36573032904955516,True,False,False
0.1,False,0.8529411764705882,0.1498700796197742,,,,False,False,False
0.1,False,1.0,0.16193610345918202,0.7286725885994096,1.0888679384710729,0.3271421867803661,False,False,False
0.1,False,0.9852941176470589,0.15099703963273697,0.9732214849355729,1.1346498286869053,-0.21818464891926279,True,False,False
0.1,False,1.0,0.14737534457403745,0.8418533992568721,1.1915757360283845,0.10667055267430546,True,False,False
0.1,False,0.9558823529411765,0.18717200765887035,0.7972616399503446,1.1404709235416655,0.1765299613174668,True,False,False
0.1,False,1.0,0.16548000271208319,1.052461153320965,0.8189857085494924,0.31092750636912686,True,False,False
0.1,False,1.0,0.14502353597539006,0.8790653109314217,1.130558366322044,-0.056574255047183934,True,False,False
0.1,False,0.9852941176470589,0.1889164614937369,1.1847614690091537,0.7324927375739295,-0.028644030698017985,True,False,False
0.1,False,0.9705882352941176,0.18316125975414538,0.6956520501151607,1.0307155799970804,0.5055921905373852,False,False,False
0.1,False,0.9852941176470589,0.16818301443254632,1.1009111348120408,0.8130887842208636,0.3789935939624415,True,False,False
0.1,False,1.0,0.139970728824413,1.0706891417831637,1.0392873790617048,-0.15489783507406066,True,False,False
0.1,False,0.8088235294117647,0.21204280356661961,0.28482041136725933,0.787597696408058,2.129239808830891,False,False,False
0.1,False,0.8088235294117647,0.2540733446019335,1.7068290269938657,0.1814817868847769,0.5508492707722612,False,False,False
0.1,False,0.8529411764705882,0.20237532443902143,0.9824822891876505,0.6593471751966355,1.258493076299962,True,False,False
0.1,False,0.7941176470588235,0.24140245856539796,0.1297586428067454,-0.043804075193549785,5.122920815238482,False,False,False
0.1,False,0.8088235294117647,0.22964903359318783,0.48992246151762353,0.5019021286916974,2.1485434390510747,False,False,False
0.1,False,0.9558823529411765,0.149938014595418,0.8000513584831858,0.434635618370085,1.552849624693803,False,False,False
0.1,False,1.0,0.19221313015368544,0.86869627080452,1.069254670491308,0.3575254674468848,True,False,False
0.1,False,0.8088235294117647,0.23436992301103513,0.6108706075977093,0.4771445588908456,2.6957490151942363,False,False,False
0.1,False,0.9852941176470589,0.15866746596205708,0.9697075045425139,0.9010170327262199,0.4402050343709098,True,False,False
0.1,False,1.0,0.15259699299945706,0.9681375416262562,0.9675064196662152,0.12301839698492871,True,False,False
0.1,False,1.0,0.17707990483681071,0.9347319893334696,0.8247483080636185,0.3249956148997589,True,False,False
0.1,False,0.9852941176470589,0.14072410128809298,0.9642961564668027,0.6537291270088019,0.7295892704738429,True,False,False
0.1,False,1.0,0.2442888233450814,0.8693340795302681,1.09747752499289,0.09673070448660909,True,False,False
0.1,False,1.0,0.16353549619752575,0.7607156358854573,1.0640706208081,0.5285695435057861,True,False,False
0.1,False,0.8088235294117647,0.19219242341464185,1.3945661594328405,0.9275528899989572,-0.8750987774660467,False,False,False
0.1,False,0.9705882352941176,0.17035476388789345,0.7059446342127601,0.9193505663950898,0.7018464028988144,False,False,False
0.1,False,1.0,0.18599266398127454,0.7958502786054059,0.9442948890428959,0.8467770460127749,True,False,False
0.1,False,0.9558823529411765,0.18841759828929008,0.7791285977454292,0.74212012564315,1.229243689786709,True,False,False
0.1,False,0.9852941176470589,0.20507606198152226,0.8831057140266821,1.0596445603980444,0.44125245312849953,True,False,False
0.1,False,0.9852941176470589,0.1600916407029602,0.957754984347263,0.9018972654703183,0.4541706510219122,True,False,False
0.1,False,0.9558823529411765,0.18641514016339428,0.9263386378528303,0.6007435472965962,1.0712620092215384,True,False,False
0.1,False,0.8088235294117647,0.22813055855897013,0.8413475195011565,0.14739908125370804,2.6839037257755143,True,False,False
0.1,False,0.7941176470588235,0.23646169677094495,0.8562842690894784,0.7529090989791686,0.5620452922479181,False,False,False
0.1,False,1.0,0.16160905461751174,0.9822189802640413,0.7855644237924777,0.46910625876364603,True,False,False
0.1,False,0.8088235294117647,0.23320080357572556,0.40785738410135886,0.6463673692737326,2.461891847752055,False,False,False
0.1,False,0.9852941176470589,0.15108402456692682,0.9495078061147019,0.7075253812085358,0.6349365009745557,True,False,False
0.1,False,0.7058823529411765,0.16892393082398488,,,,False,False,False
0.1,False,0.7058823529411765,0.18128630095467724,,,,False,False,False
0.1,False,0.9852941176470589,0.16706067995174534,0.8806778765425538,1.0477729647985476,0.3029515136284616,True,False,False
0.1,False,0.9264705882352942,0.14799280331996442,1.0220571774899276,0.8611905255983134,0.22961699407317315,True,False,False
0.1,False,0.8088235294117647,0.22063573005203818,1.23249461920308,0.9061179756364359,-0.35216546107862623,True,False,False
0.1,False,0.7941176470588235,0.22439172914971628,0.3610198303550272,0.9431149122168434,1.7742825099643285,False,False,False
0.1,False,0.8088235294117647,0.25561859328633857,0.7584219727511351,0.8661646591219279,1.1724994943357543,True,False,False
0.1,False,0.8088235294117647,0.19886001503854586,0.9111169008721226,0.6948137323713228,1.4007081806016095,True,False,False
0.1,False,1.0,0.17270899647662422,1.0462601303464663,1.1598795654043315,-0.48545733226816834,True,False,False
0.1,False,0.7058823529411765,0.16604319480727883,,,,False,False,False
0.1,False,0.8088235294117647,0.22702461226399456,1.8306808654379307,1.1197483720803125,-2.5193362943341326,False,False,False
0.1,False,1.0,0.17918546470163546,1.0954425667242804,1.021524082148854,-0.4575935364521693,True,False,False
0.1,False,0.9852941176470589,0.16059598484811718,1.0281720033239372,0.9735131231768471,0.2938032512808627,True,False,False
0.1,False,0.8088235294117647,0.24267161234570783,0.16347637598854736,0.08633867565844255,4.589238109225136,False,False,False
0.1,False,0.9852941176470589,0.1467588005471075,1.0131827498525063,0.8536497253144137,0.48873737268123557,True,False,False
0.1,False,0.9852941176470589,0.17379927526700162,0.8938653874842889,0.8340831432886269,0.6147644436406754,True,False,False
0.1,False,0.9558823529411765,0.14336466714777,1.1296738969459572,0.8035220679094565,0.19423082165210756,True,False,False
0.1,False,0.9558823529411765,0.14671350136072647,1.3019294006433983,1.1279503496021634,-0.9812291818311786,False,False,False
0.1,False,0.8088235294117647,0.2961441168621106,1.2892118013664282,0.6313104611987933,0.33618280612938606,True,False,False
0.1,False,1.0,0.21823882831770286,0.8808233819870341,0.7291552747770664,1.1502453136465893,True,False,False
0.1,False,0.8676470588235294,0.15411430828098846,0.7534893241374728,0.5465056248319256,1.1696119822615807,False,False,False
0.1,False,1.0,0.2105511337634748,0.8270039366401339,0.7470004740340217,0.8754835144768498,True,False,False
0.1,False,0.9705882352941176,0.1399563497530534,1.1139392962991608,0.9198573470324674,-0.32155046128206843,True,False,False
0.1,False,1.0,0.1385236982416131,1.0472067890258032,0.9906928663627473,0.07298536422779929,True,False,False
0.1,False,1.0,0.15988408888543115,1.247617452805443,1.1510898685330648,-0.7097186081451488,False,False,False
0.1,False,0.8088235294117647,0.23560122844471465,0.4360649169688195,0.5318405219937126,2.752975724504152,False,False,False
0.1,False,0.8088235294117647,0.22603596328866146,0.6146736924751878,0.5165186690027135,1.8715219615050638,False,False,False
0.1,False,0.8088235294117647,0.2617037992481715,0.6476167803225905,0.57873740976081,1.8673518503631825,False,False,False
0.1,False,0.9852941176470589,0.188694357777421,1.4536307541265827,0.9301670694258384,-0.31738557411000995,False,False,False
0.1,False,0.9558823529411765,0.17707128863651148,0.13867346436572292,0.39624738957054984,3.715961484626611,False,False,False
0.1,False,1.0,0.17571862405028912,0.9751893569556325,1.0003877021833782,0.18596973505594833,True,False,False
0.1,False,0.9705882352941176,0.172696681784451,0.7744826366872609,1.4710103321334145,-0.2962023675681502,True,False,False
0.1,False,1.0,0.15539662758897624,1.040966435213584,0.7276982937390792,0.7003213237947282,True,False,False
0.1,False,1.0,0.16925948818551087,0.8779370289312562,0.37673565583827784,1.403831823233035,False,False,False
0.1,False,1.0,0.1712463549750934,0.9123832942838743,1.059639007099256,0.11195413954102416,True,False,False
0.1,False,0.9705882352941176,0.1970884275762149,1.0100080620244498,1.0421229381446226,0.15698672747868295,True,False,False
0.1,False,0.8088235294117647,0.20218100700212893,1.3557268768039763,1.2462498752768503,-1.7791802587903538,True,False,False
0.1,False,1.0,0.12626192903127684,1.1350046509613594,0.3926535243043995,1.0868776377597844,True,False,False
0.1,False,0.9705882352941176,0.19492232114180413,0.8333755941801745,1.3609645529458265,-0.28390118890576127,True,False,False
0.1,False,0.9852941176470589,0.18900983479091713,1.147517190640484,0.8341962089063333,0.22705345228138515,True,False,False
0.1,False,0.9705882352941176,0.15382422239159635,1.0572114276319082,0.44578823222116004,1.019741355747206,True,False,False
0.1,False,0.9558823529411765,0.1916746636755071,0.8774606726062827,1.0327344612776612,0.1969764243940624,True,False,False
0.1,False,0.9852941176470589,0.1493897548954287,0.945588015244403,0.7397774073607918,0.368400440153963,True,False,False
0.1,False,1.0,0.17082921525561004,1.0267502210684367,0.7904636770223397,0.675219017621383,True,False,False
0.1,False,0.9852941176470589,0.1595592528111448,0.7718120271528124,0.90213079298831,0.5199924732868938,False,False,False
0.1,False,1.0,0.14576525307445057,1.0174279233134085,1.1111436546032214,-0.5155446241195359,True,False,False
0.1,False,1.0,0.14454261981687463,0.9123133106718782,0.948421750822665,0.24704885940272225,True,False,False
0.1,False,0.6617647058823529,0.21330202320966496,,,,False,False,False
0.1,False,0.8088235294117647,0.23604266603769777,0.8529237943452163,0.9175874202501324,0.6984407397976199,True,False,False
0.1,False,0.8088235294117647,0.22904297430302403,1.143502746700496,1.513683386796543,-1.4809660386761507,False,False,False
0.1,False,1.0,0.19404113196968434,1.0334012995191448,1.211902435993232,-0.1587576728693512,True,False,False
0.1,False,0.7941176470588235,0.19770705865030958,1.30154163379423,1.092301410725515,-1.407134728279547,True,False,False
0.1,False,1.0,0.1568085398802046,0.7763327085640828,1.1041744498023602,0.41491371063929483,True,False,False
0.1,False,0.9558823529411765,0.18408817106931294,0.6698112922622763,1.0553545080986797,0.7819019115759838,True,False,False
0.1,False,0.9705882352941176,0.1663661261803955,1.131123662889071,0.8155034219384376,-0.1382515470386505,True,False,False
0.1,False,0.8088235294117647,0.22723145374188608,1.5418725213065634,1.8767669748417584,-3.298809091367338,False,False,False
0.1,False,0.8088235294117647,0.1905962787964874,0.8065071164689056,1.0352734167188051,0.2279197735997673,True,False,False
0.1,False,0.9705882352941176,0.16527059245804063,0.708517703980548,1.1841101098937552,0.26198138220608735,True,False,False
0.1,False,1.0,0.166398125220856,0.9236214369558321,0.8979535745382216,0.2556263136831239,True,False,False
0.1,False,0.6617647058823529,0.20368922854552415,,,,False,False,False
0.1,False,0.8088235294117647,0.1953575906426747,0.1383054563845307,0.7839164308764839,2.861130445261239,False,False,False
0.1,False,0.9852941176470589,0.16565973407778165,1.0579811173485743,0.9015342282647579,-0.016314747648937894,True,False,False
0.1,False,0.9852941176470589,0.13059642532116217,1.0898546191016125,1.1921534181428202,-0.2312753886372315,False,False,False
0.1,False,1.0,0.19527829988387416,0.7739015020631749,1.1922301799617243,0.23809866506587446,True,False,False
0.1,False,0.9852941176470589,0.19436892106994103,1.0158103818772735,1.1387694151805774,-0.30041017484543375,True,False,False
0.1,False,0.8088235294117647,0.27823094431375767,1.5407490604245528,1.2062417573430941,-1.7403486067109462,False,False,False
0.1,False,0.9558823529411765,0.16652136775907544,1.0512857346662112,0.8236846255786775,0.2795187527668899,True,False,False
0.1,False,1.0,0.15601608265660968,0.7896065187858192,1.1116141686943994,0.10962045002307662,True,False,False
0.1,False,0.8088235294117647,0.17623232623199708,1.0961373883520338,1.223310596066769,-0.8168174772778005,True,False,False
0.1,False,0.9852941176470589,0.14354225002009127,1.145068773518456,0.8449526380985437,0.12652662544992396,True,False,False
0.1,False,0.9705882352941176,0.19343375637995525,1.1194394286902802,0.9132127082211995,0.19071648022675816,True,False,False
0.1,False,0.7941176470588235,0.14978611624052793,1.012679573284607,1.06090032230218,-0.04128807055139141,True,False,False
0.1,False,0.9852941176470589,0.16473624003442308,1.03336979531167,0.9975691162577746,0.08819008865046171,True,False,False
0.1,False,1.0,0.16278959148531644,0.6757655453636082,1.2079907189714918,0.30268792432546054,True,False,False
0.1,False,0.6617647058823529,0.2365211459611958,,,,False,False,False
0.1,False,0.6617647058823529,0.20751405172452558,,,,False,False,False
0.1,False,0.9852941176470589,0.20097348400359458,0.8355413023264546,0.6284189467579824,1.1938614281086741,True,False,False
0.1,False,0.8088235294117647,0.19837022770362828,0.2143588600425239,0.5878230104660556,2.987536028987998,False,False,False
0.1,False,1.0,0.1697757504227931,0.9784483910819676,1.1678061398023458,-0.10974268691090595,True,False,False
0.1,False,1.0,0.15651672727337404,0.9700033955860653,0.797374192363781,0.5342301186027697,True,False,False
0.1,False,0.7058823529411765,0.10549303912768296,,,,False,False,False
0.1,False,0.8088235294117647,0.19066837486192806,1.040262345027161,0.5917194657858964,0.8074578154347634,True,False,False
0.1,False,0.9852941176470589,0.1365690059269995,0.9656886841867994,1.3062663865010231,-0.5018310781251984,True,False,False
0.1,False,1.0,0.1645759172823494,0.9558207154227725,0.9787081642602339,0.22568150963884348,True,False,False
0.1,False,1.0,0.18265487347396603,1.1864740320342233,1.0390945755957346,-0.28788684986255253,False,False,False
0.1,False,1.0,0.17005640236470204,0.8432269573318935,1.0017959057928103,0.4994396021192538,True,False,False
0.1,False,1.0,0.15394698902120615,0.8145930483485672,1.1227118029810184,0.32720270530193096,True,False,False
0.1,False,1.0,0.19628714190998267,0.7668263642857942,0.8200633991753417,0.6993484834888327,False,False,False
0.1,False,0.9705882352941176,0.19213074997382995,1.1287383331538696,0.5079241315232741,0.8659103017001315,True,False,False
0.1,False,0.9705882352941176,0.18533905701245307,1.0505421756428035,0.8858568326820752,-0.01879510167902283,True,False,False
0.1,False,0.7058823529411765,0.1384504198870063,,,,False,False,False
0.1,False,0.8235294117647058,0.17814353861653054,1.2327427783955043,1.054259987787384,-0.9337804036065797,True,False,False
0.1,False,1.0,0.18165077079106723,0.9946235480287143,0.9985730708757022,-0.20897910481076032,True,False,False
0.1,False,1.0,0.16416838354213845,0.98131405182287,0.8849265291630242,0.4900255046337967,True,False,False
0.1,False,0.8088235294117647,0.19919346696229248,0.5920978392545472,1.160271170562225,0.5345672439409772,False,False,False
0.1,False,0.9558823529411765,0.2112111187734149,0.6369177280168417,1.0496080691370362,0.7195550522931327,False,False,False
0.1,False,0.9852941176470589,0.18698458827982917,1.179791147533476,1.0783401975629712,-0.5891939530144683,True,False,False
0.1,False,1.0,0.1330342901813282,0.8808099686375483,1.0003458217220935,0.4599635259424765,True,False,False
0.1,False,0.9705882352941176,0.14862742447402721,1.201493128596166,0.45899473895736675,0.6823053549570294,True,False,False
0.1,False,0.8970588235294118,0.16015810276088843,0.9051338530935478,0.8045320988522375,0.7375727923091075,True,False,False
0.1,False,1.0,0.170594299006904,0.8858425994915754,1.0522268263242516,0.47572808678559064,True,False,False
0.1,False,1.0,0.15162260692789098,0.8630053164636153,0.9338329021109346,0.4083016255892783,True,False,False
0.1,False,0.9705882352941176,0.1976045777618568,0.7812544010645025,1.2887516716594707,0.20880412035224163,True,False,False
0.1,False,0.9852941176470589,0.17522237900420692,1.0527150359378115,0.7132794307314955,0.39595874812815923,True,False,False
0.1,False,1.0,0.15824578768084557,0.7587689819502739,1.109901785998124,0.36310898468644326,True,False,False
0.1,False,0.9558823529411765,0.15162011901475045,0.642110831621591,0.8573678516565164,1.200563354618672,False,False,False
0.1,False,1.0,0.1748936831056697,0.6531297456845239,0.9196957562754176,0.8175079193949468,False,False,False
0.1,False,1.0,0.1583576108892734,0.8927943718776956,0.5955147789311404,0.8857074546658341,False,False,False
0.1,True,0.7402597402597403,0.18517560695812538,,,,False,True,False
0.1,True,0.7662337662337663,0.2024833397672921,1.3505540345313445,1.1295099401621382,-1.6913101394239867,True,False,False
0.1,True,0.7012987012987013,0.14900473977056256,,,,False,False,False
0.1,True,0.7662337662337663,0.2710087677162826,1.0992885315222118,0.7881607154273929,-0.4395590333725449,True,False,False
0.1,True,0.8961038961038961,0.17657323094754035,1.52463318687187,0.5227664256570803,0.17993003565810906,False,False,False
0.1,True,0.7532467532467533,0.24412948607251278,0.23959685396181696,0.014233136760957832,5.0146070589820315,False,False,False
0.1,True,0.9090909090909091,0.19484015647265507,1.3732519122596694,0.5457075933095067,0.4286324749267465,False,False,False
0.1,True,0.7532467532467533,0.23813056457647094,1.919263603086503,2.6212357448028425,-6.6987637758471115,False,False,False
0.1,True,0.7012987012987013,0.1322853939326778,,,,False,False,False
0.1,True,0.8051948051948052,0.19815091136087737,,,,False,False,False
0.1,True,0.8701298701298701,0.17250986944572738,1.0142490872216519,0.7397257683683879,0.5601726237392497,True,False,False
0.1,True,0.7012987012987013,0.14551968897186662,,,,False,False,False
0.1,True,0.7142857142857143,0.2572353273192462,0.8017887136851276,1.9513050380172188,-2.895856080997985,False,False,False
0.1,True,0.8961038961038961,0.19379918251843076,1.2044876160189681,0.7668963580396136,0.39342375108352967,True,False,False
0.1,True,0.7012987012987013,0.13895022254395828,,,,False,False,False
0.1,True,0.7402597402597403,0.12727001061076673,,,,False,True,False
0.1,True,0.7532467532467533,0.18113202657394756,,,,False,False,False
0.1,True,0.7142857142857143,0.24091196942442392,,,,False,False,False
0.1,True,0.7532467532467533,0.2661198959756998,0.7269880781942964,0.5337349227246164,1.8433761815838643,False,False,False
0.1,True,0.8961038961038961,0.18333265539621102,0.9320736474373172,0.8439983723929401,0.536232275303817,True,False,False
0.1,True,0.7792207792207793,0.1817362127757066,0.6553731175462348,0.5087722291523802,1.9821403310050358,False,False,False
0.1,True,0.7012987012987013,0.15306809804582633,,,,False,False,False
0.1,True,0.7012987012987013,0.1320657726862192,,,,False,False,False
0.1,True,0.7532467532467533,0.29353823933398127,0.931496072312952,1.6804689714623704,-1.1992734578676263,True,False,False
0.1,True,0.7402597402597403,0.2118017955560427,0.04307135864423886,2.511848865662023,-0.37850349399510286,True,False,False
0.1,True,0.7792207792207793,0.18646752867098945,0.00011579718306869518,0.15294769159838606,4.3761945286952,False,False,False
0.1,True,0.8831168831168831,0.12844904281153824,0.7593204914849618,0.5512727370553828,1.1091778448432568,False,False,False
0.1,True,0.7922077922077922,0.2219464124552803,-0.18250864107877937,0.4337536992607711,3.7792555289017766,False,False,False
0.1,True,0.922077922077922,0.16813244862563115,1.3111382189808083,1.1976341813358515,-0.4784626993462826,False,False,False
0.1,True,0.7012987012987013,0.13891888302312233,,,,False,False,False
0.1,True,0.9090909090909091,0.15316325474839151,1.0838444203672863,0.8775885084261744,0.024310789534721933,True,False,False
0.1,True,0.9090909090909091,0.13877693454042409,0.8614837346631543,0.746568574268765,0.7084040646590588,True,False,False
0.1,True,0.6623376623376623,0.11370301346089032,,,,False,False,False
0.1,True,0.7662337662337663,0.21664930953325662,-4.91388010703338,-1.7787374699740353,24.85414240711329,False,False,False
0.1,True,0.7272727272727273,0.23858965599768125,0.36340497603346206,0.6278312050818464,2.511251947333335,False,False,False
0.1,True,0.7532467532467533,0.23163163357825445,0.8615462645256197,1.0122381935481661,0.7802794706235975,True,False,False
0.1,True,0.7532467532467533,0.20979154102205078,1.1698767634898035,0.939400567110675,-0.029602721045700938,True,False,False
0.1,True,0.7792207792207793,0.24089602546659009,-3.046404494568897,-2.3125130995855665,20.247133232112798,False,False,False
0.1,True,0.8701298701298701,0.14707760812447968,0.9468177832292728,1.0109965624675272,0.037219107223358285,True,False,False
0.1,True,0.7402597402597403,0.2603861405390901,2.099809791793113,1.0780535257599517,-2.51384961424227,False,False,False
0.1,True,0.7532467532467533,0.20849728979327778,1.6712865195894482,0.5384410508203957,0.6125775201864672,False,False,False
0.1,True,0.7272727272727273,0.29499804226380083,,,,False,False,False
0.1,True,0.7792207792207793,0.18840548515923952,0.3126897348365984,1.366796017182793,0.9498521520566644,False,False,False
0.1,True,0.7792207792207793,0.23948100297667854,-0.0915734447322489,4.8386681719986715,-6.4155122849779085,True,False,False
0.1,True,0.7012987012987013,0.15298188049932784,,,,False,False,False
0.1,True,0.7532467532467533,0.2696356339468956,1.232365777391606,0.9025894043660102,-0.4576665158233521,True,False,False
0.1,True,0.7272727272727273,0.21058302109059304,0.6058696021172669,0.9194655460230119,0.8929658306277387,False,False,False
0.1,True,0.922077922077922,0.18382999747573228,1.2137726635954906,0.942812342713308,-0.05496664861220529,False,False,False
0.1,True,0.6753246753246753,0.25548006135602885,,,,False,False,False
0.1,True,0.7012987012987013,0.13785603417587997,,,,False,False,False
0.1,True,0.7532467532467533,0.21756650434774577,0.9760717694424879,0.9021783219562775,0.2978827126939689,True,False,False
0.1,True,0.8961038961038961,0.16812233076370617,0.9934894627885067,1.2492338220432162,-0.45381386381297534,True,False,False
0.1,True,0.7272727272727273,0.2343036184065762,,,,False,False,False
0.1,True,0.7402597402597403,0.24701877333195132,-1.6258287180879152,2.011157940653421,4.361790499966763,False,False,False
0.1,True,0.6753246753246753,0.23533848384354192,,,,False,False,False
0.1,True,0.922077922077922,0.16203058933174683,1.3268669513895772,1.3177576979664956,-0.6871115202607821,False,False,False
0.1,True,0.7272727272727273,0.23370752600395636,,,,False,False,False
0.1,True,0.7012987012987013,0.14922804909039195,,,,False,False,False
0.1,True,0.7402597402597403,0.15269142068410468,,,,False,False,False
0.1,True,0.8571428571428571,0.1904348190268668,,,,False,False,False
0.1,True,0.7662337662337663,0.2256613095093423,1.0032732029637166,0.9832206518111903,-0.10844694867954614,True,False,False
0.1,True,0.9090909090909091,0.19155897527542137,0.7370572851199624,1.138554806196728,0.04581608137722975,False,False,False
0.1,True,0.9090909090909091,0.1554072923192835,0.7813473019254032,1.108727843783206,0.11175861133474055,True,False,False
0.1,True,0.7792207792207793,0.29185475267099137,1.0896581554667701,0.8290936090284756,-0.03732007007045496,True,False,False
0.1,True,0.7922077922077922,0.18854772196739136,1.693967720688551,1.0780980510327662,-1.3537436734702584,False,False,False
0.1,True,0.922077922077922,0.21093205468898538,1.795533993060557,1.282980800622667,-1.6866634508589073,False,False,False
0.1,True,0.7012987012987013,0.15852453399102312,,,,False,False,False
0.1,True,0.922077922077922,0.1735070335528469,1.1443777322934288,0.9270614524570173,-0.3583055470481141,True,False,False
0.1,True,0.7142857142857143,0.2752055136088487,,,,False,False,False
0.1,True,0.7532467532467533,0.2335768113570307,0.622158623879442,0.8410140871986798,1.0388011931968062,False,False,False
0.1,True,0.8961038961038961,0.159002292828603,1.0630826240211901,1.3698202540654003,-0.7495635945498442,True,False,False
0.1,True,0.8831168831168831,0.16819701763751047,1.3204235048656707,0.8408477180298765,-0.45368216756392055,True,False,False
0.1,True,0.7012987012987013,0.13224213309957192,,,,False,False,False
0.1,True,0.7272727272727273,0.1640873964664909,,,,False,False,False
0.1,True,0.7012987012987013,0.12315427748584179,,,,False,False,False
0.1,True,0.7402597402597403,0.1257624724973732,,,,False,True,False
0.1,True,0.7012987012987013,0.14207946018826711,,,,False,False,False
0.1,True,0.922077922077922,0.17163433299505929,0.7367581450336814,0.7104456816188038,1.3482192142569933,False,False,False
0.1,True,0.7662337662337663,0.21718199519905082,0.6857282260516323,1.1467700143622033,0.3620366317325279,False,False,False
0.1,True,0.7012987012987013,0.14547755290764694,,,,False,False,False
0.1,True,0.7532467532467533,0.19156400387065903,1.919738619027756,0.930344944993406,-2.628068526376542,False,False,False
0.1,True,0.7532467532467533,0.23220032308180144,1.523056992601071,0.7351575008292279,-0.5150539897722975,False,False,False
0.1,True,0.7532467532467533,0.19469625855412276,2.5603229897159676,1.3389033927220377,-4.979150831774058,False,False,False
0.1,True,0.7532467532467533,0.18364262219100339,1.4662778734712438,1.0486217075973392,-0.8928434266213441,False,False,False
0.1,True,0.922077922077922,0.19207899731655817,0.6847406895525128,1.1165305079546772,0.26918512189732957,False,False,False
0.1,True,0.8441558441558441,0.1383683946669976,,,,False,False,False
0.1,True,0.7922077922077922,0.20361880820469938,0.23566044084266646,1.3493396084382308,1.5030797376930969,False,False,False
0.1,True,0.7532467532467533,0.16862888496427625,0.8215051791385185,0.9094449474635016,0.9396754402603391,True,False,False
0.1,True,0.8961038961038961,0.16572156927268616,1.1191125137503921,1.1111716125959794,-0.27226576083881565,True,False,False
0.1,True,0.7792207792207793,0.22964602422023792,1.4380951967538944,0.7337014160811923,0.11746868209971072,False,False,False
0.1,True,0.7792207792207793,0.18245951077828662,0.8483449440608918,0.7616495887750373,0.7195430876541274,False,False,False
0.1,True,0.7012987012987013,0.13826743682124001,,,,False,False,False
0.1,True,0.6753246753246753,0.1684867282161534,,,,False,False,False
0.1,True,0.7402597402597403,0.21690963982364042,6.235555235457056,8.911631050429946,-32.1555015536885,False,False,False
0.1,True,0.7012987012987013,0.15663712579550862,,,,False,False,False
0.1,True,0.7012987012987013,0.16121605066807412,,,,False,False,False
0.1,True,0.7922077922077922,0.13481135363097668,1.0769644955991107,0.9000926405335067,0.3805008530788815,True,False,False
0.1,True,0.7532467532467533,0.24111956843812915,1.4748499646708522,2.1291225970915484,-4.4432755131522175,False,False,False
0.1,True,0.7012987012987013,0.15703733046625798,,,,False,False,False
0.1,True,0.7012987012987013,0.16017505394441298,,,,False,False,False
0.1,True,0.7922077922077922,0.1826571665497513,1.673586327307105,1.136496834180698,-1.7112109174590393,False,False,False
0.1,True,0.7532467532467533,0.20140829597061272,1.465003819315067,1.0868286786924568,-2.250814615373133,True,False,False
0.1,True,0.7012987012987013,0.11891130150127573,,,,False,False,False
0.1,True,0.8961038961038961,0.22998332243278868,0.7942498617298815,1.270090195923813,-0.289878102034808,True,False,False
0.1,True,0.8701298701298701,0.20655558412459785,1.273783488127236,0.7441436432217023,1.0010654469040254,False,False,False
0.1,True,0.7272727272727273,0.18977732960779028,,,,False,False,False
0.1,True,0.6623376623376623,0.1340405092404769,,,,False,False,False
0.1,True,0.7532467532467533,0.20290622858511534,0.27352909626936844,0.9696970023595421,1.7544127071210678,False,False,False
0.1,True,0.7012987012987013,0.13594788945751493,,,,False,False,False
0.1,True,0.7532467532467533,0.18120436479605662,-0.0030086515941945315,1.087559776513236,1.91857890017378,False,False,False
0.1,True,0.7532467532467533,0.21833985764119065,0.41704387109573005,0.9755759924697831,1.8093775901983924,False,False,False
0.1,True,0.7402597402597403,0.23709728515452824,,,,False,False,False
0.1,True,0.7532467532467533,0.2364345480756358,3.8964318128465933,3.900841857638674,-17.044813832869632,False,False,False
0.1,True,0.7922077922077922,0.27438129059951305,1.7557290890685926,1.223076963389494,-1.8152848110070257,False,False,False
0.1,True,0.7402597402597403,0.3461951848920462,-1.6618971098501716,-0.04511705148321887,11.376362905289422,False,False,False
0.1,True,0.7662337662337663,0.2237336155523392,,,,False,False,False
0.1,True,0.7922077922077922,0.244527232753008,1.2837816439660654,0.5729829039850853,0.44328182302352725,True,False,False
0.1,True,0.7402597402597403,0.20868463863564418,1.047429569939776,1.0362662595666365,0.3465443812352346,True,False,False
0.1,True,0.7532467532467533,0.1989679992811835,1.9420978021283057,0.5269179711126584,-0.9271238381369056,False,False,False
0.1,True,0.7272727272727273,0.25749589258809313,,,,False,False,False
0.1,True,0.948051948051948,0.20506032149313355,0.5545157582880389,0.9932102942266281,0.757168296291278,False,False,False
0.1,True,0.7922077922077922,0.21517157222440053,1.2148175907018823,0.3375026663366518,1.323365243147523,True,False,False
0.1,True,0.7012987012987013,0.1375513740017416,,,,False,False,False
0.1,True,0.7532467532467533,0.19820540190676827,2.8750739351966477,1.1221811337559477,-5.242736735236755,False,False,False
0.1,True,0.7532467532467533,0.2532276837433255,-0.41777800843657315,1.224995019010524,3.457427635032546,False,False,False
0.1,True,0.7532467532467533,0.2298816676459073,1.4780197969661493,1.8578859596178874,-4.519044967794347,True,False,False
0.1,True,0.7012987012987013,0.1285934043781581,,,,False,False,False
0.1,True,0.9090909090909091,0.210273957351574,1.2504797459756847,1.13103707962178,-0.158710567180652,False,False,False
0.1,True,0.7532467532467533,0.2287978352086695,0.9149985937025734,0.5490050855324838,1.168179371508557,True,False,False
0.1,True,0.7532467532467533,0.18268479278521285,1.0604493971647808,0.7711676753852926,0.42554230039754715,True,False,False
0.1,True,0.7532467532467533,0.19262835318579977,1.4201098375656038,0.49036561590279293,0.2564285953041514,False,False,False
0.1,True,0.7532467532467533,0.22566841176130353,0.9559144821020197,0.9403425507868246,0.9324114330165093,True,False,False
0.1,True,0.7662337662337663,0.19391379640805237,2.759117926353326,-0.7431247061900853,-0.2750781042496788,False,False,False
0.1,True,0.922077922077922,0.177020465667465,0.8884718384199807,1.2673370646201307,-0.18317444251897308,True,False,False
0.1,True,0.7922077922077922,0.28184682998354954,0.11953922757607487,1.2982739075213063,1.4457074323622705,False,False,False
0.1,True,0.7532467532467533,0.24837443048890842,-0.1804952185748456,1.0994914921501913,2.6877543668049375,False,False,False
0.1,True,0.7922077922077922,0.2500040199498182,1.7559567717391433,0.8717740045939062,-1.6845749232340728,False,False,False
0.1,True,0.7012987012987013,0.13531794075678924,,,,False,False,False
0.1,True,0.7272727272727273,0.24969024025704775,,,,False,False,False
0.1,True,0.7792207792207793,0.21963576548677294,-2.335639454806868,0.020754050188567685,11.028663954927609,False,False,False
0.1,True,0.7012987012987013,0.122205860988615,,,,False,False,False
0.1,True,0.7012987012987013,0.12675338638651,,,,False,False,False
0.1,True,0.922077922077922,0.1886164238903364,0.7955044774533387,1.1318730973693225,0.00020946971129729507,True,False,False
0.1,True,0.7532467532467533,0.1679863426045798,0.4183188482573287,0.5246164267152842,3.198960007535255,False,False,False
0.1,True,0.6233766233766234,0.20724058458894318,,,,False,False,False
0.1,True,0.7922077922077922,0.24317280589677623,1.1135209615040271,1.476041547736481,-1.434199588855277,True,False,False
0.1,True,0.7662337662337663,0.2480594652363098,1.2141830107801836,0.5756454794159427,0.7206244784162983,True,False,False
0.1,True,0.7012987012987013,0.14609836377787314,,,,False,False,False
0.1,True,0.7012987012987013,0.15546625638644027,,,,False,False,False
0.1,True,0.5324675324675324,0.13158617467022887,,,,False,False,False
